"Symbol","Companies","Sector","Industry"
"AAOI","Applied Optoelectronics Inc.","Technology","Semiconductors"
"AAPL","Apple Inc.","Technology","Computer Manufacturing"
"AAVL","Avalanche Biotechnologies Inc.","Health Care","Biotechnology: Biological Products (No Diagnostic Substances)"
"ABAX","ABAXIS Inc.","Capital Goods","Industrial Machinery/Components"
"ABCB","Ameris Bancorp","Finance","Major Banks"
"ABCO","The Advisory Board Company","Consumer Services","Other Consumer Services"
"ABDC","Alcentra Capital Corp.","Others","Others"
"ABGB","Abengoa S.A.","Consumer Services","Military/Government/Technical"
"ABTL","Autobytel Inc.","Technology","Computer Software: Programming/ Data Processing"
"ABY","Abengoa Yield plc","Public Utilities","Electric Utilities: Central"
"ACAD","ACADIA Pharmaceuticals Inc.","Health Care","Major Pharmaceuticals"
"ACAS","American Capital Ltd.","Others","Others"
"ACAT","Arctic Cat Inc.","Capital Goods","Industrial Specialties"
"ACHN","Achillion Pharmaceuticals Inc.","Health Care","Major Pharmaceuticals"
"ACLS","Axcelis Technologies Inc.","Technology","Industrial Machinery/Components"
"ACOR","Acorda Therapeutics Inc.","Health Care","Biotechnology: Biological Products (No Diagnostic Substances)"
"ACPW","Active Power Inc.","Public Utilities","Electric Utilities: Central"
"ACRX","AcelRx Pharmaceuticals Inc.","Health Care","Major Pharmaceuticals"
"ACSF","American Capital Senior Floating Ltd.","Others","Others"
"ACTS","Actions Semiconductor Co. Ltd.","Technology","Semiconductors"
"ADBE","Adobe Systems Incorporated","Technology","Computer Software: Prepackaged Software"
"ADHD","Alcobra Ltd.","Health Care","Major Pharmaceuticals"
"ADMS","Adamas Pharmaceuticals Inc.","Health Care","Major Pharmaceuticals"
"ADNC","Audience Inc.","Technology","Semiconductors"
"ADTN","ADTRAN Inc.","Public Utilities","Telecommunications Equipment"
"ADUS","Addus HomeCare Corporation","Health Care","Medical/Nursing Services"
"ADVS","Advent Software Inc.","Technology","EDP Services"
"AEGR","Aegerion Pharmaceuticals Inc.","Health Care","Major Pharmaceuticals"
"AEHR","Aehr Test Systems","Capital Goods","Electrical Products"
"AEIS","Advanced Energy Industries Inc.","Capital Goods","Industrial Machinery/Components"
"AEPI","AEP Industries Inc.","Capital Goods","Specialty Chemicals"
"AERI","Aerie Pharmaceuticals Inc.","Health Care","Biotechnology: Biological Products (No Diagnostic Substances)"
"AFCB","Athens Bancshares Corporation","Finance","Savings Institutions"
"AFFX","Affymetrix Inc.","Capital Goods","Biotechnology: Laboratory Analytical Instruments"
"AFH","Atlas Financial Holdings Inc.","Finance","Property-Casualty Insurers"
"AFMD","Affimed N.V.","Others","Others"
"AFOP","Alliance Fiber Optic Products Inc.","Technology","Semiconductors"
"AGEN","Agenus Inc.","Health Care","Biotechnology: Biological Products (No Diagnostic Substances)"
"AGIO","Agios Pharmaceuticals Inc.","Health Care","Major Pharmaceuticals"
"AGNC","American Capital Agency Corp.","Consumer Services","Real Estate Investment Trusts"
"AGRX","Agile Therapeutics Inc.","Health Care","Major Pharmaceuticals"
"AGTC","Applied Genetic Technologies Corporation","Health Care","Biotechnology: Biological Products (No Diagnostic Substances)"
"AHGP","Alliance Holdings GP L.P.","Energy","Coal Mining"
"AHPI","Allied Healthcare Products Inc.","Health Care","Industrial Specialties"
"AIMC","Altra Industrial Motion Corp.","Capital Goods","Industrial Machinery/Components"
"AINV","Apollo Investment Corporation","Others","Others"
"AIQ","Alliance HealthCare Services Inc.","Health Care","Medical Specialities"
"AKAM","Akamai Technologies Inc.","Miscellaneous","Business Services"
"AKAO","Achaogen Inc.","Health Care","Major Pharmaceuticals"
"AKBA","Akebia Therapeutics Inc.","Health Care","Major Pharmaceuticals"
"AKER","Akers Biosciences Inc","Health Care","Biotechnology: In Vitro & In Vivo Diagnostic Substances"
"ALDR","Alder BioPharmaceuticals Inc.","Health Care","Major Pharmaceuticals"
"ALDX","Aldeyra Therapeutics Inc.","Health Care","Major Pharmaceuticals"
"ALGN","Align Technology Inc.","Health Care","Industrial Specialties"
"ALGT","Allegiant Travel Company","Transportation","Air Freight/Delivery Services"
"ALIM","Alimera Sciences Inc.","Health Care","Major Pharmaceuticals"
"ALKS","Alkermes plc","Health Care","Major Pharmaceuticals"
"ALLT","Allot Communications Ltd.","Technology","Computer Communications Equipment"
"ALNY","Alnylam Pharmaceuticals Inc.","Health Care","Major Pharmaceuticals"
"ALOG","Analogic Corporation","Capital Goods","Electrical Products"
"ALOT","Astro-Med Inc.","Technology","Computer peripheral equipment"
"ALSK","Alaska Communications Systems Group Inc.","Public Utilities","Telecommunications Equipment"
"ALTR","Altera Corporation","Technology","Semiconductors"
"ALXA","Alexza Pharmaceuticals Inc.","Health Care","Major Pharmaceuticals"
"ALXN","Alexion Pharmaceuticals Inc.","Health Care","Major Pharmaceuticals"
"AMAT","Applied Materials Inc.","Technology","Semiconductors"
"AMBA","Ambarella Inc.","Technology","Semiconductors"
"AMBI","Ambit Biosciences Corporation","Health Care","Major Pharmaceuticals"
"AMCC","Applied Micro Circuits Corporation","Technology","Semiconductors"
"AMCF","Andatee China Marine Fuel Services Corporation","Energy","Oil Refining/Marketing"
"AMCN","AirMedia Group Inc","Technology","Advertising"
"AMDA","Amedica Corporation","Health Care","Medical/Dental Instruments"
"AMGN","Amgen Inc.","Health Care","Biotechnology: Biological Products (No Diagnostic Substances)"
"AMKR","Amkor Technology Inc.","Technology","Semiconductors"
"AMPH","Amphastar Pharmaceuticals Inc.","Health Care","Major Pharmaceuticals"
"AMRI","Albany Molecular Research Inc.","Health Care","Biotechnology: Commercial Physical & Biological Resarch"
"AMRS","Amyris Inc.","Basic Industries","Major Chemicals"
"AMSC","American Superconductor Corporation","Consumer Durables","Metal Fabrications"
"AMSF","AMERISAFE Inc.","Finance","Property-Casualty Insurers"
"AMWD","American Woodmark Corporation","Basic Industries","Forest Products"
"AMZN","Amazon.com Inc.","Consumer Services","Catalog/Specialty Distribution"
"ANAC","Anacor Pharmaceuticals Inc.","Health Care","Major Pharmaceuticals"
"ANAD","ANADIGICS Inc.","Technology","Semiconductors"
"ANCB","Anchor Bancorp","Finance","Banks"
"ANGI","Angie&#39;s List Inc.","Consumer Services","Advertising"
"ANGO","AngioDynamics Inc.","Health Care","Medical/Dental Instruments"
"ANSS","ANSYS Inc.","Technology","Computer Software: Prepackaged Software"
"ANTH","Anthera Pharmaceuticals Inc.","Health Care","Major Pharmaceuticals"
"AOSL","Alpha and Omega Semiconductor Limited","Technology","Semiconductors"
"APEI","American Public Education Inc.","Consumer Services","Other Consumer Services"
"APOL","Apollo Education Group Inc.","Consumer Services","Other Consumer Services"
"AQU","Aquasition Corp.","Finance","Business Services"
"AQXP","Aquinox Pharmaceuticals Inc.","Health Care","Major Pharmaceuticals"
"ARAY","Accuray Incorporated","Health Care","Medical/Dental Instruments"
"ARCC","Ares Capital Corporation","Others","Others"
"ARCP","American Realty Capital Properties Inc.","Consumer Services","Real Estate Investment Trusts"
"ARDM","Aradigm Corporation","Health Care","Biotechnology: Electromedical & Electrotherapeutic Apparatus"
"ARDX","Ardelyx Inc.","Health Care","Major Pharmaceuticals"
"AREX","Approach Resources Inc.","Energy","Oil & Gas Production"
"ARGS","Argos Therapeutics Inc.","Health Care","Major Pharmaceuticals"
"ARIA","ARIAD Pharmaceuticals Inc.","Health Care","Biotechnology: Biological Products (No Diagnostic Substances)"
"ARII","American Railcar Industries Inc.","Capital Goods","Railroads"
"ARIS","ARI Network Services Inc.","Technology","Computer Software: Programming/ Data Processing"
"ARLP","Alliance Resource Partners L.P.","Energy","Coal Mining"
"ARNA","Arena Pharmaceuticals Inc.","Health Care","Major Pharmaceuticals"
"ARQL","ArQule Inc.","Health Care","Major Pharmaceuticals"
"ARRY","Array BioPharma Inc.","Health Care","Major Pharmaceuticals"
"ARTX","Arotech Corporation","Miscellaneous","Industrial Machinery/Components"
"ARUN","Aruba Networks Inc.","Technology","Computer peripheral equipment"
"ASBB","ASB Bancorp Inc.","Finance","Savings Institutions"
"ASFI","Asta Funding Inc.","Finance","Finance Companies"
"ASML","ASML Holding N.V.","Technology","Industrial Machinery/Components"
"ASPX","Auspex Pharmaceuticals Inc.","Health Care","Major Pharmaceuticals"
"ASTE","Astec Industries Inc.","Capital Goods","Construction/Ag Equipment/Trucks"
"ASTM","Aastrom Biosciences Inc.","Health Care","Biotechnology: Biological Products (No Diagnostic Substances)"
"ATAI","ATA Inc.","Consumer Services","Other Consumer Services"
"ATEA","Astea International Inc.","Technology","Computer Software: Prepackaged Software"
"ATEC","Alphatec Holdings Inc.","Health Care","Medical/Dental Instruments"
"ATHN","athenahealth Inc.","Miscellaneous","Business Services"
"ATLC","Atlanticus Holdings Corporation","Finance","Finance: Consumer Services"
"ATML","Atmel Corporation","Technology","Semiconductors"
"ATOS","Atossa Genetics Inc.","Health Care","Medical/Dental Instruments"
"ATRC","AtriCure Inc.","Health Care","Medical/Dental Instruments"
"ATRM","Aetrium Incorporated","Capital Goods","Electrical Products"
"AUDC","AudioCodes Ltd.","Public Utilities","Telecommunications Equipment"
"AUMAU","AR Capital Acquisition Corp.","Others","Others"
"AUXL","Auxilium Pharmaceuticals Inc.","Health Care","Major Pharmaceuticals"
"AVAV","AeroVironment Inc.","Capital Goods","Aerospace"
"AVEO","AVEO Pharmaceuticals Inc.","Health Care","Major Pharmaceuticals"
"AVGO","Avago Technologies Limited","Technology","Semiconductors"
"AWAY","HomeAway Inc.","Technology","EDP Services"
"AWRE","Aware Inc.","Technology","Semiconductors"
"AXTI","AXT Inc","Technology","Semiconductors"
"AZPN","Aspen Technology Inc.","Technology","EDP Services"
"BABY","Natus Medical Incorporated","Health Care","Biotechnology: Electromedical & Electrotherapeutic Apparatus"
"BAMM","Books-A-Million Inc.","Consumer Services","Other Specialty Stores"
"BANF","BancFirst Corporation","Finance","Major Banks"
"BANX","StoneCastle Financial Corp","Others","Others"
"BASI","Bioanalytical Systems Inc.","Health Care","Biotechnology: Commercial Physical & Biological Resarch"
"BBBY","Bed Bath & Beyond Inc.","Consumer Services","Home Furnishings"
"BBEP","BreitBurn Energy Partners L.P.","Energy","Oil & Gas Production"
"BBGI","Beasley Broadcast Group Inc.","Consumer Services","Broadcasting"
"BBRG","Bravo Brio Restaurant Group Inc.","Consumer Services","Restaurants"
"BBSI","Barrett Business Services Inc.","Technology","Professional Services"
"BCBP","BCB Bancorp Inc. (NJ)","Finance","Savings Institutions"
"BCOV","Brightcove Inc.","Technology","EDP Services"
"BCRX","BioCryst Pharmaceuticals Inc.","Health Care","Biotechnology: Biological Products (No Diagnostic Substances)"
"BDCV","BDCA Venture Inc.","Others","Others"
"BDMS","Birner Dental Management Services Inc.","Health Care","Medical/Nursing Services"
"BEAT","BioTelemetry Inc.","Health Care","Medical/Dental Instruments"
"BEAV","B/E Aerospace Inc.","Consumer Durables","Industrial Specialties"
"BEBE","bebe stores inc.","Consumer Non-Durables","Apparel"
"BECN","Beacon Roofing Supply Inc.","Consumer Services","RETAIL: Building Materials"
"BGFV","Big 5 Sporting Goods Corporation","Consumer Services","Other Specialty Stores"
"BGMD","BG Medicine Inc.","Health Care","Biotechnology: In Vitro & In Vivo Diagnostic Substances"
"BHBK","Blue Hills Bancorp Inc.","Finance","Major Banks"
"BIDU","Baidu Inc.","Technology","Computer Software: Programming/ Data Processing"
"BIND","BIND Therapeutics Inc.","Health Care","Major Pharmaceuticals"
"BIOC","Biocept Inc.","Health Care","Medical Specialities"
"BIOD","Biodel Inc.","Health Care","Major Pharmaceuticals"
"BIOF","BioFuel Energy Corp.","Basic Industries","Major Chemicals"
"BKCC","BlackRock Kelso Capital Corporation","Others","Others"
"BKEP","Blueknight Energy Partners L.P. L.L.C.","Energy","Natural Gas Distribution"
"BLDR","Builders FirstSource Inc.","Consumer Services","RETAIL: Building Materials"
"BLKB","Blackbaud Inc.","Technology","Computer Software: Prepackaged Software"
"BLMN","Bloomin&#39; Brands Inc.","Consumer Services","Restaurants"
"BLMT","BSB Bancorp Inc.","Finance","Major Banks"
"BLUE","bluebird bio Inc.","Health Care","Biotechnology: Biological Products (No Diagnostic Substances)"
"BLVD","Boulevard Acquisition Corp.","Finance","Business Services"
"BLVDU","Boulevard Acquisition Corp.","Finance","Business Services"
"BLVDW","Boulevard Acquisition Corp.","Finance","Business Services"
"BMRN","BioMarin Pharmaceutical Inc.","Health Care","Major Pharmaceuticals"
"BNFT","Benefitfocus Inc.","Technology","Computer Software: Prepackaged Software"
"BOFI","BofI Holding Inc.","Finance","Savings Institutions"
"BONA","Bona Film Group Limited","Consumer Services","Movies/Entertainment"
"BONT","The Bon-Ton Stores Inc.","Consumer Services","Department/Specialty Retail Stores"
"BRCD","Brocade Communications Systems Inc.","Technology","Computer Communications Equipment"
"BRCM","Broadcom Corporation","Technology","Semiconductors"
"BRDR","Borderfree Inc.","Miscellaneous","Business Services"
"BRKS","Brooks Automation Inc.","Technology","Industrial Machinery/Components"
"BSFT","BroadSoft Inc.","Technology","Computer Software: Prepackaged Software"
"BSQR","BSQUARE Corporation","Miscellaneous","Business Services"
"BTUI","BTU International Inc.","Technology","Industrial Machinery/Components"
"BV","Bazaarvoice Inc.","Technology","Computer Software: Prepackaged Software"
"BVSN","BroadVision Inc.","Technology","Computer Software: Prepackaged Software"
"BWFG","Bankwell Financial Group Inc.","Finance","Major Banks"
"BWLD","Buffalo Wild Wings Inc.","Consumer Services","Restaurants"
"CACC","Credit Acceptance Corporation","Finance","Finance: Consumer Services"
"CACG","Chart Acquisition Corp.","Finance","Business Services"
"CACGU","Chart Acquisition Corp.","Finance","Business Services"
"CACGW","Chart Acquisition Corp.","Finance","Business Services"
"CADTU","DT Asia Investments Limited","Others","Others"
"CAKE","The Cheesecake Factory Incorporated","Consumer Services","Restaurants"
"CALA","Calithera Biosciences Inc.","Others","Others"
"CALD","Callidus Software Inc.","Technology","EDP Services"
"CALM","Cal-Maine Foods Inc.","Consumer Non-Durables","Farming/Seeds/Milling"
"CAMB","CAMBRIDGE CAPITAL ACQUISITION CORPORATION","Finance","Business Services"
"CAMBU","CAMBRIDGE CAPITAL ACQUISITION CORPORATION","Finance","Business Services"
"CAMBW","CAMBRIDGE CAPITAL ACQUISITION CORPORATION","Finance","Business Services"
"CAMP","CalAmp Corp.","Technology","Radio And Television Broadcasting And Communications Equipment"
"CAMT","Camtek Ltd.","Capital Goods","Electronic Components"
"CARA","Cara Therapeutics Inc.","Health Care","Major Pharmaceuticals"
"CARB","Carbonite Inc.","Technology","EDP Services"
"CASH","Meta Financial Group Inc.","Finance","Savings Institutions"
"CASY","Caseys General Stores Inc.","Consumer Durables","Automotive Aftermarket"
"CATM","Cardtronics Inc.","Miscellaneous","Business Services"
"CAVM","Cavium Inc.","Technology","Semiconductors"
"CBF","Capital Bank Financial Corp.","Finance","Major Banks"
"CBLI","Cleveland BioLabs Inc.","Health Care","Biotechnology: Commercial Physical & Biological Resarch"
"CBOE","CBOE Holdings Inc.","Finance","Investment Bankers/Brokers/Service"
"CBRL","Cracker Barrel Old Country Store Inc.","Consumer Services","Restaurants"
"CBRX","Columbia Laboratories Inc.","Health Care","Major Pharmaceuticals"
"CBST","Cubist Pharmaceuticals Inc.","Health Care","Major Pharmaceuticals"
"CCCR","China Commercial Credit Inc.","Finance","Major Banks"
"CCIH","ChinaCache International Holdings Ltd.","Technology","EDP Services"
"CCMP","Cabot Microelectronics Corporation","Technology","Semiconductors"
"CCRN","Cross Country Healthcare Inc.","Technology","Professional Services"
"CCXI","ChemoCentryx Inc.","Health Care","Major Pharmaceuticals"
"CDNA","CareDx Inc.","Health Care","Medical Specialities"
"CDW","CDW Corporation","Consumer Services","Catalog/Specialty Distribution"
"CDXS","Codexis Inc.","Basic Industries","Major Chemicals"
"CECO","Career Education Corporation","Consumer Services","Other Consumer Services"
"CELG","Celgene Corporation","Health Care","Major Pharmaceuticals"
"CEMP","Cempra Inc.","Health Care","Major Pharmaceuticals"
"CENT","Central Garden & Pet Company","Consumer Durables","Consumer Specialties"
"CENX","Century Aluminum Company","Basic Industries","Aluminum"
"CERE","Ceres Inc.","Consumer Non-Durables","Farming/Seeds/Milling"
"CERN","Cerner Corporation","Technology","EDP Services"
"CERS","Cerus Corporation","Health Care","Medical/Dental Instruments"
"CERU","Cerulean Pharma Inc.","Health Care","Major Pharmaceuticals"
"CETV","Central European Media Enterprises Ltd.","Consumer Services","Broadcasting"
"CFNL","Cardinal Financial Corporation","Finance","Major Banks"
"CFRX","ContraFect Corporation","Others","Others"
"CFRXW","ContraFect Corporation","Others","Others"
"CFRXZ","ContraFect Corporation","Others","Others"
"CG","The Carlyle Group L.P.","Finance","Investment Managers"
"CGEN","Compugen Ltd.","Health Care","Biotechnology: Biological Products (No Diagnostic Substances)"
"CGNX","Cognex Corporation","Capital Goods","Industrial Machinery/Components"
"CGO","Calamos Global Total Return Fund","Others","Others"
"CHCI","Comstock Holding Companies Inc.","Capital Goods","Homebuilding"
"CHEF","The Chefs&#39; Warehouse Inc.","Consumer Non-Durables","Food Distributors"
"CHEV","Cheviot Financial Corp","Finance","Savings Institutions"
"CHFN","Charter Financial Corp.","Finance","Savings Institutions"
"CHI","Calamos Convertible Opportunities and Income Fund","Others","Others"
"CHKP","Check Point Software Technologies Ltd.","Technology","Computer Software: Prepackaged Software"
"CHRW","C.H. Robinson Worldwide Inc.","Transportation","Oil Refining/Marketing"
"CHUY","Chuy&#39;s Holdings Inc.","Consumer Services","Restaurants"
"CHW","Calamos Global Dynamic Income Fund","Others","Others"
"CHY","Calamos Convertible and High Income Fund","Others","Others"
"CIMT","Cimatron Limited","Technology","EDP Services"
"CISAW","CIS Acquisition Ltd.","Finance","Business Services"
"CISG","CNinsure Inc.","Finance","Specialty Insurers"
"CKSW","ClickSoftware Technologies Ltd.","Technology","Computer Software: Prepackaged Software"
"CLAC","Capitol Acquisition Corp. II","Finance","Business Services"
"CLACU","Capitol Acquisition Corp. II","Finance","Business Services"
"CLACW","Capitol Acquisition Corp. II","Finance","Business Services"
"CLCT","Collectors Universe Inc.","Miscellaneous","Business Services"
"CLDN","Celladon Corporation","Health Care","Biotechnology: Biological Products (No Diagnostic Substances)"
"CLIR","ClearSign Combustion Corporation","Capital Goods","Industrial Machinery/Components"
"CLMS","Calamos Asset Management Inc.","Finance","Investment Bankers/Brokers/Service"
"CLMT","Calumet Specialty Products Partners L.P.","Energy","Integrated oil Companies"
"CLNE","Clean Energy Fuels Corp.","Public Utilities","Natural Gas Distribution"
"CLUB","Town Sports International Holdings Inc.","Consumer Services","Hotels/Resorts"
"CLVS","Clovis Oncology Inc.","Health Care","Major Pharmaceuticals"
"CLWT","Euro Tech Holdings Company Limited","Consumer Durables","Diversified Electronic Products"
"CMCO","Columbus McKinnon Corporation","Capital Goods","Construction/Ag Equipment/Trucks"
"CME","CME Group Inc.","Finance","Investment Bankers/Brokers/Service"
"CMFN","CM Finance Inc","Others","Others"
"CMLS","Cumulus Media Inc.","Consumer Services","Broadcasting"
"CMRX","Chimerix Inc.","Health Care","Major Pharmaceuticals"
"CNAT","Conatus Pharmaceuticals Inc.","Health Care","Major Pharmaceuticals"
"CNBKA","Century Bancorp Inc.","Finance","Major Banks"
"CNCE","Concert Pharmaceuticals Inc.","Health Care","Major Pharmaceuticals"
"CNMD","CONMED Corporation","Health Care","Biotechnology: Electromedical & Electrotherapeutic Apparatus"
"CNQR","Concur Technologies Inc.","Technology","Computer Software: Prepackaged Software"
"CNSL","Consolidated Communications Holdings Inc.","Public Utilities","Telecommunications Equipment"
"CNTF","China TechFaith Wireless Communication Technology Limited","Miscellaneous","Business Services"
"COBZ","CoBiz Financial Inc.","Finance","Major Banks"
"COCO","Corinthian Colleges Inc.","Consumer Services","Other Consumer Services"
"COKE","Coca-Cola Bottling Co. Consolidated","Consumer Non-Durables","Beverages (Production/Distribution)"
"COLB","Columbia Banking System Inc.","Finance","Major Banks"
"COLM","Columbia Sportswear Company","Consumer Non-Durables","Apparel"
"COMM","CommScope Holding Company Inc.","Technology","Radio And Television Broadcasting And Communications Equipment"
"CONE","CyrusOne Inc","Consumer Services","Real Estate Investment Trusts"
"CONN","Conn&#39;s Inc.","Consumer Services","Consumer Electronics/Video Chains"
"CORI","Corium International Inc.","Health Care","Major Pharmaceuticals"
"CORT","Corcept Therapeutics Incorporated","Health Care","Major Pharmaceuticals"
"COSI","Cosi Inc.","Consumer Services","Restaurants"
"COVS","Covisint Corporation","Technology","EDP Services"
"CPGI","China Shengda Packaging Group Inc.","Consumer Durables","Containers/Packaging"
"CPHD","CEPHEID","Capital Goods","Biotechnology: Laboratory Analytical Instruments"
"CPIX","Cumberland Pharmaceuticals Inc.","Health Care","Major Pharmaceuticals"
"CPLA","Capella Education Company","Consumer Services","Other Consumer Services"
"CPLP","Capital Product Partners L.P.","Transportation","Marine Transportation"
"CPRT","Copart Inc.","Consumer Durables","Automotive Aftermarket"
"CPRX","Catalyst Pharmaceutical Partners Inc.","Health Care","Major Pharmaceuticals"
"CPSI","Computer Programs and Systems Inc.","Technology","EDP Services"
"CPSS","Consumer Portfolio Services Inc.","Finance","Finance: Consumer Services"
"CPST","Capstone Turbine Corporation","Energy","Industrial Machinery/Components"
"CPTA","Capitala Finance Corp.","Others","Others"
"CPWR","Compuware Corporation","Technology","Computer Software: Prepackaged Software"
"CRAI","CRA InternationalInc.","Miscellaneous","Other Consumer Services"
"CRDC","Cardica Inc.","Health Care","Medical/Dental Instruments"
"CRDS","Crossroads Systems Inc.","Technology","Computer peripheral equipment"
"CREE","Cree Inc.","Technology","Semiconductors"
"CRESY","Cresud S.A.C.I.F. y A.","Finance","Real Estate"
"CROX","Crocs Inc.","Consumer Non-Durables","Shoe Manufacturing"
"CRTO","Criteo S.A.","Technology","Advertising"
"CRUS","Cirrus Logic Inc.","Technology","Semiconductors"
"CRWN","Crown Media Holdings Inc.","Consumer Services","Television Services"
"CRZO","Carrizo Oil & Gas Inc.","Energy","Oil & Gas Production"
"CSCD","Cascade Microtech Inc.","Capital Goods","Electrical Products"
"CSCO","Cisco Systems Inc.","Technology","Computer Communications Equipment"
"CSGP","CoStar Group Inc.","Miscellaneous","Business Services"
"CSGS","CSG Systems International Inc.","Technology","EDP Services"
"CSII","Cardiovascular Systems Inc.","Health Care","Medical/Dental Instruments"
"CSIQ","Canadian Solar Inc.","Technology","Semiconductors"
"CSOD","Cornerstone OnDemand Inc.","Technology","Computer Software: Prepackaged Software"
"CSPI","CSP Inc.","Technology","EDP Services"
"CSQ","Calamos Strategic Total Return Fund","Others","Others"
"CSTE","CaesarStone Sdot-Yam Ltd.","Capital Goods","Building Materials"
"CSUN","China Sunergy Co. Ltd.","Technology","Semiconductors"
"CTAS","Cintas Corporation","Consumer Non-Durables","Apparel"
"CTCM","CTC Media Inc.","Consumer Services","Broadcasting"
"CTCT","Constant Contact Inc.","Technology","Advertising"
"CTHR","Charles & Colvard Ltd","Consumer Durables","Consumer Specialties"
"CTIB","CTI Industries Corporation","Basic Industries","Specialty Chemicals"
"CTIC","CTI BioPharma Corp.","Health Care","Major Pharmaceuticals"
"CTRL","Control4 Corporation","Capital Goods","Electrical Products"
"CTRN","Citi Trends Inc.","Consumer Services","Clothing/Shoe/Accessory Stores"
"CTRP","Ctrip.com International Ltd.","Miscellaneous","Business Services"
"CTSH","Cognizant Technology Solutions Corporation","Technology","EDP Services"
"CTXS","Citrix Systems Inc.","Technology","Computer Software: Prepackaged Software"
"CUTR","Cutera Inc.","Health Care","Biotechnology: Electromedical & Electrotherapeutic Apparatus"
"CVGI","Commercial Vehicle Group Inc.","Capital Goods","Auto Parts:O.E.M."
"CVLT","CommVault Systems Inc.","Technology","Computer Software: Prepackaged Software"
"CVTI","Covenant Transportation Group Inc.","Transportation","Trucking Freight/Courier Services"
"CWAY","Coastway Bancorp Inc.","Finance","Savings Institutions"
"CWST","Casella Waste Systems Inc.","Public Utilities","Environmental Services"
"CY","Cypress Semiconductor Corporation","Technology","Semiconductors"
"CYBE","CyberOptics Corporation","Capital Goods","Electronic Components"
"CYBR","CyberArk Software Ltd.","Others","Others"
"CYBX","Cyberonics Inc.","Health Care","Biotechnology: Electromedical & Electrotherapeutic Apparatus"
"CYNO","Cynosure Inc.","Health Care","Biotechnology: Electromedical & Electrotherapeutic Apparatus"
"CYOU","Changyou.com Limited","Technology","Computer Software: Prepackaged Software"
"CYTK","Cytokinetics Incorporated","Health Care","Major Pharmaceuticals"
"CYTR","CytRx Corporation","Health Care","Biotechnology: Biological Products (No Diagnostic Substances)"
"CZR","Caesars Entertainment Corporation","Consumer Services","Hotels/Resorts"
"DAIO","Data I/O Corporation","Capital Goods","Electrical Products"
"DAKT","Daktronics Inc.","Consumer Durables","Miscellaneous manufacturing industries"
"DATE","Jiayuan.com International Ltd.","Technology","EDP Services"
"DCTH","Delcath Systems Inc.","Health Care","Medical/Dental Instruments"
"DERM","Dermira Inc.","Others","Others"
"DFRG","Del Frisco&#39;s Restaurant Group Inc.","Consumer Services","Restaurants"
"DGAS","Delta Natural Gas Company Inc.","Public Utilities","Oil & Gas Production"
"DGICB","Donegal Group Inc.","Finance","Property-Casualty Insurers"
"DGII","Digi International Inc.","Technology","Computer Communications Equipment"
"DHRM","Dehaier Medical Systems Limited","Health Care","Medical/Dental Instruments"
"DISH","DISH Network Corporation","Consumer Services","Television Services"
"DLNG","Dynagas LNG Partners LP","Consumer Services","Marine Transportation"
"DLTR","Dollar Tree Inc.","Consumer Services","Department/Specialty Retail Stores"
"DMND","Diamond Foods Inc.","Consumer Non-Durables","Packaged Foods"
"DNDN","Dendreon Corporation","Health Care","Major Pharmaceuticals"
"DNKN","Dunkin&#39; Brands Group Inc.","Consumer Services","Restaurants"
"DOVR","Dover Saddlery Inc.","Consumer Services","Other Specialty Stores"
"DPRX","Dipexium Pharmaceuticals Inc.","Health Care","Major Pharmaceuticals"
"DRAD","Digirad Corporation","Health Care","Biotechnology: Electromedical & Electrotherapeutic Apparatus"
"DRIV","Digital River Inc.","Technology","Retail: Computer Software & Peripheral Equipment"
"DRNA","Dicerna Pharmaceuticals Inc.","Health Care","Major Pharmaceuticals"
"DRRX","Durect Corporation","Health Care","Major Pharmaceuticals"
"DRTX","Durata Therapeutics Inc.","Health Care","Major Pharmaceuticals"
"DRWI","DragonWave Inc","Public Utilities","Telecommunications Equipment"
"DRYS","DryShips Inc.","Transportation","Marine Transportation"
"DSKY","iDreamSky Technology Limited","Technology","Computer Software: Prepackaged Software"
"DSPG","DSP Group Inc.","Technology","Semiconductors"
"DSWL","Deswell Industries Inc.","Consumer Non-Durables","Plastic Products"
"DTLK","Datalink Corporation","Technology","EDP Services"
"DTSI","DTS Inc.","Miscellaneous","Multi-Sector Companies"
"DVAX","Dynavax Technologies Corporation","Health Care","Major Pharmaceuticals"
"DWA","Dreamworks Animation SKG Inc.","Consumer Services","Movies/Entertainment"
"DWCH","Datawatch Corporation","Technology","Computer Software: Prepackaged Software"
"DWSN","Dawson Geophysical Company","Energy","Oil & Gas Production"
"DXCM","DexCom Inc.","Health Care","Medical/Dental Instruments"
"DYAX","Dyax Corp.","Health Care","Biotechnology: Commercial Physical & Biological Resarch"
"EAC           ","Erickson Incorporated","Capital Goods","Aerospace"
"EAGL","Silver Eagle Acquisition Corp.","Finance","Business Services"
"EAGLU","Silver Eagle Acquisition Corp.","Finance","Business Services"
"EAGLW","Silver Eagle Acquisition Corp.","Finance","Business Services"
"EARS","Auris Medical Holding AG","Health Care","Major Pharmaceuticals"
"EBAY","eBay Inc.","Miscellaneous","Business Services"
"EBIO","Eleven Biotherapeutics Inc.","Health Care","Major Pharmaceuticals"
"ECHO","Echo Global Logistics Inc.","Transportation","Oil Refining/Marketing"
"ECYT","Endocyte Inc.","Health Care","Major Pharmaceuticals"
"EDAP","EDAP TMS S.A.","Health Care","Biotechnology: Electromedical & Electrotherapeutic Apparatus"
"EDMC","Education Management Corporation","Consumer Services","Other Consumer Services"
"EEFT","Euronet Worldwide Inc.","Finance","Investment Bankers/Brokers/Service"
"EEI","Ecology and Environment Inc.","Consumer Services","Military/Government/Technical"
"EFII","Electronics for Imaging Inc.","Technology","Computer Communications Equipment"
"EGAN","eGain Corporation","Technology","Computer Software: Prepackaged Software"
"EGLE","Eagle Bulk Shipping Inc.","Transportation","Marine Transportation"
"EGLT","Egalet Corporation","Health Care","Major Pharmaceuticals"
"EGOV","NIC Inc.","Consumer Services","Professional Services"
"EGRX","Eagle Pharmaceuticals Inc.","Health Care","Major Pharmaceuticals"
"EHTH","eHealth Inc.","Finance","Specialty Insurers"
"EIGI","Endurance International Group Holdings Inc.","Technology","Computer Software: Prepackaged Software"
"ELON","Echelon Corporation","Technology","Computer Communications Equipment"
"ELOS","Syneron Medical Ltd.","Health Care","Biotechnology: Electromedical & Electrotherapeutic Apparatus"
"ELTK","Eltek Ltd.","Technology","Electrical Products"
"EMCI","EMC Insurance Group Inc.","Finance","Property-Casualty Insurers"
"EMKR","EMCORE Corporation","Technology","Semiconductors"
"EMMS","Emmis Communications Corporation","Consumer Services","Broadcasting"
"ENFC","Entegra Financial Corp.","Others","Others"
"ENOC","EnerNOC Inc.","Technology","Computer Software: Programming/ Data Processing"
"ENPH","Enphase Energy Inc.","Technology","Semiconductors"
"ENSG","The Ensign Group Inc.","Health Care","Hospital/Nursing Management"
"ENT","Global Eagle Entertainment Inc.","Consumer Services","Telecommunications Equipment"
"ENTA","Enanta Pharmaceuticals Inc.","Health Care","Major Pharmaceuticals"
"ENTG","Entegris Inc.","Consumer Non-Durables","Plastic Products"
"ENTR","Entropic Communications Inc.","Technology","Semiconductors"
"ENVI","Envivio Inc.","Technology","Radio And Television Broadcasting And Communications Equipment"
"ENZN","Enzon Pharmaceuticals Inc.","Health Care","Biotechnology: Biological Products (No Diagnostic Substances)"
"ENZY          ","Enzymotec Ltd.","Consumer Durables","Specialty Chemicals"
"EOPN","E2open Inc.","Technology","Computer Software: Prepackaged Software"
"EPAY","Bottomline Technologies Inc.","Technology","Computer Software: Prepackaged Software"
"EPIQ","EPIQ Systems Inc.","Technology","EDP Services"
"EPZM","Epizyme Inc.","Health Care","Major Pharmaceuticals"
"EQIX","Equinix Inc.","Public Utilities","Telecommunications Equipment"
"ERII","Energy Recovery Inc.","Technology","Industrial Machinery/Components"
"EROC","Eagle Rock Energy Partners L.P.","Energy","Oil & Gas Production"
"ESPR","Esperion Therapeutics Inc.","Health Care","Major Pharmaceuticals"
"ESRX","Express Scripts Holding Company","Health Care","Medical/Nursing Services"
"ETRM","EnteroMedics Inc.","Health Care","Biotechnology: Electromedical & Electrotherapeutic Apparatus"
"EVAR","Lombard Medical Inc.","Health Care","Medical/Dental Instruments"
"EVEP","EV Energy Partners L.P.","Energy","Oil & Gas Production"
"EVOK","Evoke Pharma Inc.","Health Care","Major Pharmaceuticals"
"EVOL","Evolving Systems Inc.","Technology","EDP Services"
"EVRY","EveryWare Global Inc.","Consumer Durables","Home Furnishings"
"EXA","Exa Corporation","Technology","Computer Software: Prepackaged Software"
"EXAC","Exactech Inc.","Health Care","Industrial Specialties"
"EXAS","EXACT Sciences Corporation","Health Care","Biotechnology: Commercial Physical & Biological Resarch"
"EXEL","Exelixis Inc.","Health Care","Biotechnology: Commercial Physical & Biological Resarch"
"EXLS","ExlService Holdings Inc.","Miscellaneous","Business Services"
"EXTR","Extreme Networks Inc.","Technology","Computer Communications Equipment"
"EZPW","EZCORP Inc.","Consumer Services","Other Specialty Stores"
"FANG","Diamondback Energy Inc.","Energy","Oil & Gas Production"
"FARO","FARO Technologies Inc.","Capital Goods","Industrial Machinery/Components"
"FAST","Fastenal Company","Consumer Services","RETAIL: Building Materials"
"FATE","Fate Therapeutics Inc.","Health Care","Biotechnology: Biological Products (No Diagnostic Substances)"
"FB","Facebook Inc.","Technology","Computer Software: Programming/ Data Processing"
"FBNC","First Bancorp","Finance","Major Banks"
"FBNK","First Connecticut Bancorp Inc.","Finance","Banks"
"FCFS","First Cash Financial Services Inc.","Consumer Services","Other Specialty Stores"
"FCS","Fairchild Semiconductor International Inc.","Technology","Semiconductors"
"FCVA","First Capital Bancorp Inc. (VA)","Finance","Major Banks"
"FDUS","Fidus Investment Corporation","Others","Others"
"FEIC","FEI Company","Capital Goods","Biotechnology: Laboratory Analytical Instruments"
"FEYE","FireEye Inc.","Technology","Computer peripheral equipment"
"FFHL","Fuwei Films (Holdings) Co. Ltd.","Capital Goods","Specialty Chemicals"
"FFIV","F5 Networks Inc.","Technology","Computer Communications Equipment"
"FIBK","First Interstate BancSystem Inc.","Finance","Major Banks"
"FINL","The Finish Line Inc.","Consumer Services","Clothing/Shoe/Accessory Stores"
"FISH","Marlin Midstream Partners LP","Public Utilities","Natural Gas Distribution"
"FISI","Financial Institutions Inc.","Finance","Major Banks"
"FISV","Fiserv Inc.","Technology","EDP Services"
"FIVE","Five Below Inc.","Consumer Services","Department/Specialty Retail Stores"
"FIVN","Five9 Inc.","Technology","EDP Services"
"FLDM","Fluidigm Corporation","Capital Goods","Biotechnology: Laboratory Analytical Instruments"
"FLEX","Flextronics International Ltd.","Technology","Electrical Products"
"FLIR","FLIR Systems Inc.","Capital Goods","Industrial Machinery/Components"
"FLML","Flamel Technologies S.A.","Health Care","Major Pharmaceuticals"
"FLWS","1-800 FLOWERS.COM Inc.","Consumer Services","Other Specialty Stores"
"FLXN","Flexion Therapeutics Inc.","Health Care","Major Pharmaceuticals"
"FMI","Foundation Medicine Inc.","Health Care","Medical Specialities"
"FNGN","Financial Engines Inc.","Finance","Investment Managers"
"FNSR","Finisar Corporation","Technology","Semiconductors"
"FOLD","Amicus Therapeutics Inc.","Health Care","Major Pharmaceuticals"
"FOMX","Foamix Pharmaceuticals Ltd.","Others","Others"
"FONR","Fonar Corporation","Health Care","Biotechnology: Electromedical & Electrotherapeutic Apparatus"
"FORM","FormFactor Inc.","Technology","Semiconductors"
"FORR","Forrester Research Inc.","Consumer Services","Diversified Commercial Services"
"FOSL","Fossil Group Inc.","Consumer Non-Durables","Consumer Specialties"
"FOXF","Fox Factory Holding Corp.","Consumer Non-Durables","Motor Vehicles"
"FPRX","Five Prime Therapeutics Inc.","Health Care","Major Pharmaceuticals"
"FRAN","Francesca&#39;s Holdings Corporation","Consumer Services","Clothing/Shoe/Accessory Stores"
"FRBA","First Bank","Others","Others"
"FRED","Fred&#39;s Inc.","Consumer Services","Department/Specialty Retail Stores"
"FRNK","Franklin Financial Corporation","Finance","Savings Institutions"
"FRSH","Papa Murphy&#39;s Holdings Inc.","Consumer Services","Restaurants"
"FSBW","FS Bancorp Inc.","Finance","Banks"
"FSC","Fifth Street Finance Corp.","Others","Others"
"FSFR","Fifth Street Senior Floating Rate Corp.","Others","Others"
"FSGI","First Security Group Inc.","Finance","Major Banks"
"FSLR","First Solar Inc.","Technology","Semiconductors"
"FTNT","Fortinet Inc.","Technology","Computer peripheral equipment"
"FUEL","Rocket Fuel Inc.","Technology","Computer Software: Programming/ Data Processing"
"FULL","Full Circle Capital Corporation","Others","Others"
"FWM","Fairway Group Holdings Corp.","Consumer Services","Food Chains"
"GAGA","Le Gaga Holdings Limited","Consumer Non-Durables","Farming/Seeds/Milling"
"GAIA","Gaiam Inc.","Consumer Services","Movies/Entertainment"
"GAIN","Gladstone Investment Corporation","Others","Others"
"GARS","Garrison Capital Inc.","Others","Others"
"GASS","StealthGas Inc.","Transportation","Marine Transportation"
"GBDC","Golub Capital BDC Inc.","Others","Others"
"GBIM","GlobeImmune Inc.","Health Care","Major Pharmaceuticals"
"GBSN","Great Basin Scientific Inc.","Others","Others"
"GDEF","Global Defense & National Security Systems Inc.","Finance","Business Services"
"GERN","Geron Corporation","Health Care","Major Pharmaceuticals"
"GEVO","Gevo Inc.","Basic Industries","Major Chemicals"
"GGAC","Garnero Group Acquisition Company","Finance","Business Services"
"GGACR","Garnero Group Acquisition Company","Finance","Business Services"
"GGACU","Garnero Group Acquisition Company","Finance","Business Services"
"GGACW","Garnero Group Acquisition Company","Finance","Business Services"
"GHDX","Genomic Health Inc.","Health Care","Medical Specialities"
"GIFI","Gulf Island Fabrication Inc.","Capital Goods","Metal Fabrications"
"GIGA","Giga-tronics Incorporated","Capital Goods","Electrical Products"
"GIII","G-III Apparel Group LTD.","Consumer Non-Durables","Apparel"
"GILD","Gilead Sciences Inc.","Health Care","Biotechnology: Biological Products (No Diagnostic Substances)"
"GLAD","Gladstone Capital Corporation","Others","Others"
"GLMD","Galmed Pharmaceuticals Ltd.","Health Care","Major Pharmaceuticals"
"GLRE","Greenlight Reinsurance Ltd.","Finance","Property-Casualty Insurers"
"GLUU","Glu Mobile Inc.","Technology","EDP Services"
"GLYC","GlycoMimetics Inc.","Health Care","Major Pharmaceuticals"
"GMAN","Gordmans Stores Inc.","Consumer Services","Clothing/Shoe/Accessory Stores"
"GMCR","Keurig Green Mountain Inc.","Consumer Non-Durables","Packaged Foods"
"GMLP","Golar LNG Partners LP","Consumer Services","Marine Transportation"
"GNBC","Green Bancorp Inc.","Finance","Major Banks"
"GNCA","Genocea Biosciences Inc.","Health Care","Biotechnology: Biological Products (No Diagnostic Substances)"
"GNMK","GenMark Diagnostics Inc.","Health Care","Medical/Dental Instruments"
"GNVC","GenVec Inc.","Health Care","Major Pharmaceuticals"
"GOGO","Gogo Inc.","Consumer Services","Telecommunications Equipment"
"GOMO","Sungy Mobile Limited","Technology","Computer Software: Prepackaged Software"
"GOOD","Gladstone Commercial Corporation","Consumer Services","Real Estate"
"GOOG","Google Inc.","Technology","Computer Software: Programming/ Data Processing"
"GPRO","GoPro Inc.","Miscellaneous","Industrial Machinery/Components"
"GRMN","Garmin Ltd.","Capital Goods","Industrial Machinery/Components"
"GRPN","Groupon Inc.","Technology","Advertising"
"GRVY","GRAVITY Co. Ltd.","Miscellaneous","Business Services"
"GSBC","Great Southern Bancorp Inc.","Finance","Major Banks"
"GSIT","GSI Technology Inc.","Technology","Semiconductors"
"GSJK","Compressco Partners L.P.","Energy","Oilfield Services/Equipment"
"GSM","Globe Specialty Metals Inc.","Capital Goods","Metal Fabrications"
"GSVC","GSV Capital Corp","Others","Others"
"GTLS","Chart Industries Inc.","Capital Goods","Metal Fabrications"
"GTXI","GTx Inc.","Health Care","Major Pharmaceuticals"
"GUID","Guidance Software Inc.","Technology","Computer Software: Prepackaged Software"
"GWGH","GWG Holdings Inc","Others","Others"
"GWPH","GW Pharmaceuticals Plc","Health Care","Major Pharmaceuticals"
"HAWK","Blackhawk Network Holdings Inc.","Finance","Finance: Consumer Services"
"HAYN","Haynes International Inc.","Capital Goods","Steel/Iron Ore"
"HBIO","Harvard Bioscience Inc.","Others","Others"
"HBK","Hamilton Bancorp Inc.","Finance","Savings Institutions"
"HCAC","Hennessy Capital Acquisition Corp.","Finance","Business Services"
"HCACU","Hennessy Capital Acquisition Corp.","Finance","Investment Managers"
"HCACW","Hennessy Capital Acquisition Corp.","Finance","Business Services"
"HCAP","Harvest Capital Credit Corporation","Others","Others"
"HCCI","Heritage-Crystal Clean Inc.","Basic Industries","Miscellaneous"
"HCSG","Healthcare Services Group Inc.","Finance","Diversified Commercial Services"
"HDNG","Hardinge Inc.","Capital Goods","Industrial Machinery/Components"
"HDS","HD Supply Holdings Inc.","Consumer Services","Office Equipment/Supplies/Services"
"HEES","H&E Equipment Services Inc.","Others","Others"
"HERO","Hercules Offshore Inc.","Energy","Oil & Gas Production"
"HIBB","Hibbett Sports Inc.","Consumer Services","Other Specialty Stores"
"HIIQ","Health Insurance Innovations Inc.","Finance","Specialty Insurers"
"HIMX","Himax Technologies Inc.","Technology","Semiconductors"
"HLIT","Harmonic Inc.","Technology","Radio And Television Broadcasting And Communications Equipment"
"HLSS","Home Loan Servicing Solutions Ltd.","Finance","Finance: Consumer Services"
"HMHC","Houghton Mifflin Harcourt Company","Consumer Services","Books"
"HMST","HomeStreet Inc.","Finance","Banks"
"HMSY","HMS Holdings Corp","Miscellaneous","Business Services"
"HNSN","Hansen Medical Inc.","Health Care","Industrial Specialties"
"HOLX","Hologic Inc.","Health Care","Medical Electronics"
"HOMB","Home BancShares Inc.","Finance","Major Banks"
"HPTX","Hyperion Therapeutics Inc.","Health Care","Major Pharmaceuticals"
"HQY","HealthEquity Inc.","Miscellaneous","Business Services"
"HRZN","Horizon Technology Finance Corporation","Others","Others"
"HSIC","Henry Schein Inc.","Health Care","Medical Specialities"
"HSII","Heidrick & Struggles International Inc.","Technology","Diversified Commercial Services"
"HSKA","Heska Corporation","Health Care","Biotechnology: Biological Products (No Diagnostic Substances)"
"HSTM","HealthStream Inc.","Technology","Computer Software: Programming/ Data Processing"
"HTBI","HomeTrust Bancshares Inc.","Finance","Savings Institutions"
"HTBX","Heat Biologics Inc.","Health Care","Major Pharmaceuticals"
"HTCH","Hutchinson Technology Incorporated","Capital Goods","Industrial Machinery/Components"
"HTHT","China Lodging Group Limited","Consumer Services","Hotels/Resorts"
"HTLD","Heartland Express Inc.","Transportation","Trucking Freight/Courier Services"
"HTWO","HF2 Financial Management Inc.","Finance","Business Services"
"HUBG","Hub Group Inc.","Transportation","Oil Refining/Marketing"
"HURN","Huron Consulting Group Inc.","Consumer Services","Professional Services"
"HWCC","Houston Wire & Cable Company","Consumer Non-Durables","Telecommunications Equipment"
"HZNP","Horizon Pharma plc","Health Care","Major Pharmaceuticals"
"IBTX","Independent Bank Group Inc","Finance","Major Banks"
"ICCC","ImmuCell Corporation","Health Care","Biotechnology: In Vitro & In Vivo Diagnostic Substances"
"ICEL","Cellular Dynamics International Inc.","Health Care","Biotechnology: Biological Products (No Diagnostic Substances)"
"ICFI","ICF International Inc.","Consumer Services","Professional Services"
"ICLR","ICON plc","Health Care","Biotechnology: Commercial Physical & Biological Resarch"
"ICPT","Intercept Pharmaceuticals Inc.","Health Care","Major Pharmaceuticals"
"ICUI","ICU Medical Inc.","Health Care","Medical/Dental Instruments"
"IDSY","I.D. Systems Inc.","Consumer Durables","Telecommunications Equipment"
"IDTI","Integrated Device Technology Inc.","Technology","Semiconductors"
"IDXX","IDEXX Laboratories Inc.","Health Care","Biotechnology: In Vitro & In Vivo Diagnostic Substances"
"IGLD","Internet Gold Golden Lines Ltd.","Public Utilities","Telecommunications Equipment"
"IIVI","II-VI Incorporated","Capital Goods","Electronic Components"
"IKAN","Ikanos Communications Inc.","Public Utilities","Telecommunications Equipment"
"ILMN","Illumina Inc.","Capital Goods","Biotechnology: Laboratory Analytical Instruments"
"IMDZ","Immune Design Corp.","Health Care","Major Pharmaceuticals"
"IMGN","ImmunoGen Inc.","Health Care","Major Pharmaceuticals"
"IMI","Intermolecular Inc.","Technology","Semiconductors"
"IMKTA","Ingles Markets Incorporated","Consumer Services","Food Chains"
"IMMR","Immersion Corporation","Technology","Computer peripheral equipment"
"INAP","Internap Network Services Corporation","Technology","Computer Software: Programming/ Data Processing"
"INFA","Informatica Corporation","Technology","Computer Software: Prepackaged Software"
"INFN","Infinera Corporation","Public Utilities","Telecommunications Equipment"
"INGN","Inogen Inc","Health Care","Industrial Specialties"
"ININ","Interactive Intelligence Group Inc.","Technology","Computer Software: Prepackaged Software"
"INNL","Innocoll AG","Health Care","Major Pharmaceuticals"
"INOD","Innodata Inc.","Technology","EDP Services"
"INPH","Interphase Corporation","Technology","Computer Communications Equipment"
"INSY","Insys Therapeutics Inc.","Health Care","Major Pharmaceuticals"
"INTU","Intuit Inc.","Technology","Computer Software: Prepackaged Software"
"INTX","Intersections Inc.","Technology","EDP Services"
"INWK","InnerWorkings Inc.","Consumer Durables","Containers/Packaging"
"IPAS","iPass Inc.","Technology","EDP Services"
"IPCC","Infinity Property and Casualty Corporation","Finance","Property-Casualty Insurers"
"IPCM","IPC The Hospitalist Company Inc.","Health Care","Hospital/Nursing Management"
"IPDN","Professional Diversity Network Inc.","Technology","Computer Software: Programming/ Data Processing"
"IPGP","IPG Photonics Corporation","Technology","Semiconductors"
"IPHS","Innophos Holdings Inc.","Consumer Durables","Specialty Chemicals"
"IPWR","Ideal Power Inc.","Energy","Industrial Machinery/Components"
"IRBT","iRobot Corporation","Consumer Durables","Consumer Electronics/Appliances"
"IRG","Ignite Restaurant Group Inc.","Consumer Services","Restaurants"
"IRIX","IRIDEX Corporation","Health Care","Biotechnology: Electromedical & Electrotherapeutic Apparatus"
"IRMD","iRadimed Corporation","Others","Others"
"IROQ","IF Bancorp Inc.","Finance","Savings Institutions"
"IRWD","Ironwood Pharmaceuticals Inc.","Health Care","Major Pharmaceuticals"
"ISCA","International Speedway Corporation","Consumer Services","Services-Misc. Amusement & Recreation"
"ISIG","Insignia Systems Inc.","Consumer Services","Advertising"
"ISIL","Intersil Corporation","Technology","Semiconductors"
"ISIS","Isis Pharmaceuticals Inc.","Health Care","Major Pharmaceuticals"
"ISNS","Image Sensing Systems Inc.","Capital Goods","Industrial Machinery/Components"
"ISRG","Intuitive Surgical Inc.","Health Care","Industrial Specialties"
"ISRL","Isramco Inc.","Energy","Oil & Gas Production"
"ISSC","Innovative Solutions and Support Inc.","Technology","EDP Services"
"ISSI","Integrated Silicon Solution Inc.","Technology","Semiconductors"
"ISTR","Investar Holding Corporation","Finance","Major Banks"
"ITRI","Itron Inc.","Capital Goods","Electrical Products"
"ITRN","Ituran Location and Control Ltd.","Consumer Non-Durables","Electronic Components"
"IVAC","Intevac Inc.","Technology","Industrial Machinery/Components"
"JACQU","COLLABRIUM JAPAN ACQUISITION CORPORATION","Finance","Business Services"
"JAKK","JAKKS Pacific Inc.","Consumer Non-Durables","Recreational Products/Toys"
"JASN","Jason Industries Inc.","Consumer Durables","Miscellaneous manufacturing industries"
"JASNW","Jason Industries Inc.","Consumer Durables","Miscellaneous manufacturing industries"
"JASO","JA Solar Holdings Co. Ltd.","Technology","Semiconductors"
"JAZZ","Jazz Pharmaceuticals plc","Health Care","Major Pharmaceuticals"
"JBLU","JetBlue Airways Corporation","Transportation","Air Freight/Delivery Services"
"JBSS","John B. Sanfilippo & Son Inc.","Consumer Non-Durables","Specialty Foods"
"JCOM","j2 Global Inc.","Technology","Telecommunications Equipment"
"JD","JD.com Inc.","Consumer Services","Other Specialty Stores"
"JIVE","Jive Software Inc.","Technology","EDP Services"
"JJSF","J & J Snack Foods Corp.","Consumer Non-Durables","Specialty Foods"
"JKHY","Jack Henry & Associates Inc.","Technology","EDP Services"
"JOBS","51job Inc.","Technology","Diversified Commercial Services"
"JRJC","China Finance Online Co. Limited","Miscellaneous","Business Services"
"JST","Jinpan International Limited","Consumer Durables","Electrical Products"
"JTPY","JetPay Corporation","Finance","Business Services"
"JVA","Coffee Holding Co. Inc.","Consumer Non-Durables","Beverages (Production/Distribution)"
"KANG","iKang Healthcare Group Inc.","Health Care","Medical/Nursing Services"
"KBIO","KaloBios Pharmaceuticals Inc.","Health Care","Major Pharmaceuticals"
"KCAP","KCAP Financial Inc.","Others","Others"
"KEYW","The KEYW Holding Corporation","Technology","EDP Services"
"KFRC","Kforce Inc.","Technology","Professional Services"
"KFX","Kofax Limited","Technology","Computer Software: Programming/ Data Processing"
"KIN","Kindred Biosciences Inc.","Health Care","Major Pharmaceuticals"
"KIRK","Kirkland&#39;s Inc.","Consumer Services","Other Specialty Stores"
"KITE","Kite Pharma Inc.","Health Care","Biotechnology: Biological Products (No Diagnostic Substances)"
"KLAC","KLA-Tencor Corporation","Capital Goods","Electronic Components"
"KMDA","Kamada Ltd.","Health Care","Major Pharmaceuticals"
"KONA","Kona Grill Inc.","Consumer Services","Restaurants"
"KONE","Kingtone Wirelessinfo Solution Holding Ltd","Technology","EDP Services"
"KOPN","Kopin Corporation","Technology","Semiconductors"
"KPTI","Karyopharm Therapeutics Inc.","Health Care","Major Pharmaceuticals"
"KTCC","Key Tronic Corporation","Technology","Computer peripheral equipment"
"KTEC","Key Technology Inc.","Technology","Industrial Machinery/Components"
"KTWO","K2M Group Holdings Inc.","Health Care","Medical/Dental Instruments"
"KVHI","KVH Industries Inc.","Technology","Radio And Television Broadcasting And Communications Equipment"
"KYTH","Kythera Biopharmaceuticals Inc.","Health Care","Major Pharmaceuticals"
"LABL","Multi-Color Corporation","Miscellaneous","Publishing"
"LAKE","Lakeland Industries Inc.","Health Care","Industrial Specialties"
"LAMR","Lamar Advertising Company","Consumer Services","Real Estate Investment Trusts"
"LAND","Gladstone Land Corporation","Consumer Services","Real Estate Investment Trusts"
"LAYN","Layne Christensen Company","Basic Industries","Engineering & Construction"
"LCUT","Lifetime Brands Inc.","Capital Goods","Industrial Machinery/Components"
"LDRH","LDR Holding Corporation","Health Care","Medical/Dental Instruments"
"LEDS","SemiLEDS Corporation","Technology","Semiconductors"
"LEVY","Levy Acquisition Corp.","Finance","Business Services"
"LEVYU","Levy Acquisition Corp.","Finance","Business Services"
"LEVYW","Levy Acquisition Corp.","Finance","Business Services"
"LGCY","Legacy Reserves LP","Energy","Oil & Gas Production"
"LGIH","LGI Homes Inc.","Capital Goods","Homebuilding"
"LHCG","LHC Group","Health Care","Medical/Nursing Services"
"LINC","Lincoln Educational Services Corporation","Consumer Services","Other Consumer Services"
"LINE","Linn Energy LLC","Energy","Oil & Gas Production"
"LIOX","Lionbridge Technologies Inc.","Miscellaneous","Business Services"
"LIQD","Liquid Holdings Group Inc.","Technology","Computer Software: Prepackaged Software"
"LJPC","La Jolla Pharmaceutical Company","Health Care","Biotechnology: Biological Products (No Diagnostic Substances)"
"LLNW","Limelight Networks Inc.","Miscellaneous","Business Services"
"LLTC","Linear Technology Corporation","Technology","Semiconductors"
"LMAT","LeMaitre Vascular Inc.","Health Care","Medical/Dental Instruments"
"LMIA","LMI Aerospace Inc.","Capital Goods","Military/Government/Technical"
"LMNS","Lumenis Ltd.","Health Care","Medical Specialities"
"LMNX","Luminex Corporation","Health Care","Medical/Dental Instruments"
"LNCO","Linn Co LLC","Energy","Oil & Gas Production"
"LNDC","Landec Corporation","Basic Industries","Major Chemicals"
"LOCO","El Pollo Loco Holdings Inc.","Consumer Services","Restaurants"
"LOGI","Logitech International S.A.","Technology","Computer peripheral equipment"
"LOGM","LogMein Inc.","Technology","Computer Software: Prepackaged Software"
"LONG","eLong Inc.","Consumer Services","Transportation Services"
"LOOK","LookSmart Ltd.","Technology","EDP Services"
"LOPE","Grand Canyon Education Inc.","Consumer Services","Other Consumer Services"
"LOXO","Loxo Oncology Inc.","Health Care","Major Pharmaceuticals"
"LPDX","LipoScience Inc.","Health Care","Biotechnology: In Vitro & In Vivo Diagnostic Substances"
"LPLA","LPL Financial Holdings Inc.","Finance","Investment Bankers/Brokers/Service"
"LPSN","LivePerson Inc.","Technology","Computer Software: Prepackaged Software"
"LPTH","LightPath Technologies Inc.","Technology","Semiconductors"
"LQDT","Liquidity Services Inc.","Miscellaneous","Business Services"
"LRCX","Lam Research Corporation","Technology","Industrial Machinery/Components"
"LSTR","Landstar System Inc.","Transportation","Trucking Freight/Courier Services"
"LTRE","Learning Tree International Inc.","Consumer Services","Other Consumer Services"
"LTRX","Lantronix Inc.","Technology","Computer Communications Equipment"
"LULU","lululemon athletica inc.","Consumer Non-Durables","Apparel"
"LUNA","Luna Innovations Incorporated","Health Care","Biotechnology: Commercial Physical & Biological Resarch"
"LYTS","LSI Industries Inc.","Consumer Durables","Building Products"
"MACK","Merrimack Pharmaceuticals Inc.","Health Care","Major Pharmaceuticals"
"MAGS","Magal Security Systems Ltd.","Consumer Durables","Telecommunications Equipment"
"MANH","Manhattan Associates Inc.","Technology","Computer Software: Prepackaged Software"
"MANT","ManTech International Corporation","Consumer Services","Other Consumer Services"
"MASI","Masimo Corporation","Health Care","Biotechnology: Electromedical & Electrotherapeutic Apparatus"
"MATW","Matthews International Corporation","Capital Goods","Metal Fabrications"
"MBII","Marrone Bio Innovations Inc.","Basic Industries","Agricultural Chemicals"
"MBLX","Metabolix Inc.","Basic Industries","Containers/Packaging"
"MBUU","Malibu Boats Inc.","Capital Goods","Marine Transportation"
"MBWM","Mercantile Bank Corporation","Finance","Major Banks"
"MCBK","Madison County Financial Inc.","Finance","Savings Institutions"
"MCEP","Mid-Con Energy Partners LP","Energy","Oil & Gas Production"
"MCGC","MCG Capital Corporation","Others","Others"
"MCHP","Microchip Technology Incorporated","Technology","Semiconductors"
"MCHX","Marchex Inc.","Miscellaneous","Business Services"
"MCOX","Mecox Lane Limited","Consumer Non-Durables","Apparel"
"MCRI","Monarch Casino & Resort Inc.","Consumer Services","Hotels/Resorts"
"MCRL","Micrel Incorporated","Technology","Semiconductors"
"MCUR","MACROCURE LTD.","Health Care","Biotechnology: Biological Products (No Diagnostic Substances)"
"MDAS","MedAssets Inc.","Technology","Computer Software: Prepackaged Software"
"MDCO","The Medicines Company","Health Care","Major Pharmaceuticals"
"MDSO","Medidata Solutions Inc.","Technology","Computer Software: Prepackaged Software"
"MDWD","MediWound Ltd.","Consumer Durables","Specialty Chemicals"
"MEIL","METHES ENERGIES INTERNATIONAL LTD","Basic Industries","Major Chemicals"
"MEILW","METHES ENERGIES INTERNATIONAL LTD","Basic Industries","Major Chemicals"
"MEILZ","METHES ENERGIES INTERNATIONAL LTD","Basic Industries","Major Chemicals"
"MELA","MELA Sciences Inc","Health Care","Medical/Dental Instruments"
"MELI","MercadoLibre Inc.","Miscellaneous","Business Services"
"MEMP","Memorial Production Partners LP","Energy","Oil & Gas Production"
"MENT","Mentor Graphics Corporation","Technology","EDP Services"
"MERU","Meru Networks Inc.","Technology","Computer Communications Equipment"
"MFI","MicroFinancial Incorporated","Finance","Diversified Financial Services"
"MFLX","Multi-Fineline Electronix Inc.","Technology","Electrical Products"
"MFRI","MFRI Inc.","Capital Goods","Pollution Control Equipment"
"MFRM","Mattress Firm Holding Corp.","Consumer Services","Other Specialty Stores"
"MGIC","Magic Software Enterprises Ltd.","Technology","Computer Software: Prepackaged Software"
"MGNX","MacroGenics Inc.","Health Care","Major Pharmaceuticals"
"MGRC","McGrath RentCorp","Technology","Diversified Commercial Services"
"MHGC","Morgans Hotel Group Co.","Others","Others"
"MIK","The Michaels Companies Inc.","Others","Others"
"MIND","Mitcham Industries Inc.","Technology","Diversified Commercial Services"
"MINI","Mobile Mini Inc.","Capital Goods","Metal Fabrications"
"MKSI","MKS Instruments Inc.","Capital Goods","Industrial Machinery/Components"
"MKTO","Marketo Inc.","Technology","Computer Software: Prepackaged Software"
"MKTX","MarketAxess Holdings Inc.","Finance","Investment Bankers/Brokers/Service"
"MLNX","Mellanox Technologies Ltd.","Technology","Semiconductors"
"MMLP","Martin Midstream Partners L.P.","Energy","Oil Refining/Marketing"
"MMYT","MakeMyTrip Limited","Consumer Services","Transportation Services"
"MNKD","MannKind Corporation","Health Care","Major Pharmaceuticals"
"MNRO","Monro Muffler Brake Inc.","Consumer Services","Automotive Aftermarket"
"MNTA","Momenta Pharmaceuticals Inc.","Health Care","Biotechnology: Biological Products (No Diagnostic Substances)"
"MOBI","Sky-mobi Limited","Technology","Computer Software: Prepackaged Software"
"MOBL","MobileIron Inc.","Technology","Computer Software: Prepackaged Software"
"MOKO","Moko Social Media Ltd.","Technology","Computer Software: Programming/ Data Processing"
"MOLG","MOL Global Inc.","Others","Others"
"MONT","Montage Technology Group Limited","Technology","Semiconductors"
"MORN","Morningstar Inc.","Finance","Investment Managers"
"MOSY","MoSys Inc.","Technology","Semiconductors"
"MPEL","Melco Crown Entertainment Limited","Consumer Services","Hotels/Resorts"
"MPWR","Monolithic Power Systems Inc.","Technology","Semiconductors"
"MRCC","Monroe Capital Corporation","Others","Others"
"MRCY","Mercury Systems Inc","Capital Goods","Electrical Products"
"MRD","Memorial Resource Development Corp.","Energy","Oil & Gas Production"
"MRGE","Merge Healthcare Incorporated.","Technology","EDP Services"
"MRKT","Markit Ltd.","Finance","Investment Bankers/Brokers/Service"
"MRLN","Marlin Business Services Corp.","Finance","Major Banks"
"MRNS","Marinus Pharmaceuticals Inc.","Health Care","Major Pharmaceuticals"
"MRTN","Marten Transport Ltd.","Transportation","Trucking Freight/Courier Services"
"MRVC","MRV Communications Inc.","Technology","Semiconductors"
"MRVL","Marvell Technology Group Ltd.","Technology","Semiconductors"
"MSFT","Microsoft Corporation","Technology","Computer Software: Prepackaged Software"
"MSON","MISONIX Inc.","Capital Goods","Medical Specialities"
"MSTR","MicroStrategy Incorporated","Technology","Computer Software: Prepackaged Software"
"MTBC","Medical Transcription Billing Corp.","Technology","Computer Software: Prepackaged Software"
"MTGE","American Capital Mortgage Investment Corp.","Consumer Services","Real Estate Investment Trusts"
"MTLS","Materialise NV","Technology","Computer Software: Prepackaged Software"
"MTRX","Matrix Service Company","Basic Industries","Engineering & Construction"
"MTSI","M/A-COM Technology Solutions Holdings Inc.","Technology","Semiconductors"
"MTSL","MER Telemanagement Solutions Ltd.","Public Utilities","Telecommunications Equipment"
"MTSN","Mattson Technology Inc.","Technology","Industrial Machinery/Components"
"MVIS","Microvision Inc.","Capital Goods","Industrial Machinery/Components"
"MWIV","MWI Veterinary Supply Inc.","Health Care","Medical Specialities"
"MWRX","MergeWorthRx Corp.","Finance","Business Services"
"MXIM","Maxim Integrated Products Inc.","Technology","Semiconductors"
"MYGN","Myriad Genetics Inc.","Health Care","Biotechnology: In Vitro & In Vivo Diagnostic Substances"
"NANO","Nanometrics Incorporated","Capital Goods","Industrial Machinery/Components"
"NATH","Nathan&#39;s Famous Inc.","Consumer Services","Restaurants"
"NATI","National Instruments Corporation","Technology","Computer Software: Prepackaged Software"
"NATL","National Interstate Corporation","Finance","Property-Casualty Insurers"
"NAVG","The Navigators Group Inc.","Finance","Property-Casualty Insurers"
"NBCB","First NBC Bank Holding Company","Finance","Major Banks"
"NBIX","Neurocrine Biosciences Inc.","Health Care","Biotechnology: Biological Products (No Diagnostic Substances)"
"NCIT","NCI Inc.","Technology","EDP Services"
"NCLH","Norwegian Cruise Line Holdings Ltd.","Consumer Services","Marine Transportation"
"NCMI","National CineMedia Inc.","Consumer Services","Advertising"
"NCTY","The9 Limited","Miscellaneous","Business Services"
"NDLS","Noodles & Company","Consumer Services","Restaurants"
"NEOG","Neogen Corporation","Health Care","Biotechnology: In Vitro & In Vivo Diagnostic Substances"
"NERV","Minerva Neurosciences Inc","Health Care","Major Pharmaceuticals"
"NEWS","NewStar Financial Inc.","Finance","Finance: Consumer Services"
"NFLX","Netflix Inc.","Consumer Services","Consumer Electronics/Video Chains"
"NILE","Blue Nile Inc.","Consumer Services","Consumer Specialties"
"NLNK","NewLink Genetics Corporation","Health Care","Major Pharmaceuticals"
"NLST","Netlist Inc.","Technology","Semiconductors"
"NMIH","NMI Holdings Inc","Finance","Property-Casualty Insurers"
"NNBR","NN Inc.","Capital Goods","Metal Fabrications"
"NPSP","NPS Pharmaceuticals Inc.","Health Care","Biotechnology: Biological Products (No Diagnostic Substances)"
"NRX","NephroGenex Inc.","Health Care","Major Pharmaceuticals"
"NSIT","Insight Enterprises Inc.","Consumer Services","Catalog/Specialty Distribution"
"NSPH","Nanosphere Inc.","Health Care","Medical/Dental Instruments"
"NSTG","NanoString Technologies Inc.","Health Care","Biotechnology: Biological Products (No Diagnostic Substances)"
"NTAP","NetApp Inc.","Technology","Electronic Components"
"NTCT","NetScout Systems Inc.","Technology","EDP Services"
"NTGR","NETGEAR Inc.","Public Utilities","Telecommunications Equipment"
"NTLS","NTELOS Holdings Corp.","Public Utilities","Telecommunications Equipment"
"NURO","NeuroMetrix Inc.","Others","Others"
"NUTR","Nutraceutical International Corporation","Consumer Durables","Specialty Chemicals"
"NUVA","NuVasive Inc.","Health Care","Medical/Dental Instruments"
"NVDA","NVIDIA Corporation","Technology","Semiconductors"
"NVEE","NV5 Holdings Inc.","Consumer Services","Other Consumer Services"
"NVEEW","NV5 Holdings Inc.","Consumer Services","Other Consumer Services"
"NVMI","Nova Measuring Instruments Ltd.","Capital Goods","Electronic Components"
"NVTL","Novatel Wireless Inc.","Consumer Durables","Telecommunications Equipment"
"NWBI","Northwest Bancshares Inc.","Finance","Major Banks"
"NWBO","Northwest Biotherapeutics Inc.","Health Care","Major Pharmaceuticals"
"NWPX","Northwest Pipe Company","Basic Industries","Steel/Iron Ore"
"NXPI","NXP Semiconductors N.V.","Technology","Semiconductors"
"NXST","Nexstar Broadcasting Group Inc.","Consumer Services","Broadcasting"
"NXTM","NxStage Medical Inc.","Health Care","Biotechnology: Electromedical & Electrotherapeutic Apparatus"
"OABC","OmniAmerican Bancorp Inc.","Finance","Savings Institutions"
"OBAS","Optibase Ltd.","Finance","Real Estate"
"OCLS","Oculus Innovative Sciences Inc.","Health Care","Medical/Dental Instruments"
"OCRX","Ocera Therapeutics Inc.","Health Care","Major Pharmaceuticals"
"OCUL","Ocular Therapeutix Inc.","Health Care","Major Pharmaceuticals"
"ODFL","Old Dominion Freight Line Inc.","Transportation","Trucking Freight/Courier Services"
"OFED","Oconee Federal Financial Corp.","Finance","Savings Institutions"
"OFIX","Orthofix International N.V.","Health Care","Medical/Dental Instruments"
"OFS","OFS Capital Corporation","Others","Others"
"OKSB","Southwest Bancorp Inc.","Finance","Major Banks"
"OMAB","Grupo Aeroportuario del Centro Norte S.A.B. de C.V.","Transportation","Aerospace"
"OMCL","Omnicell Inc.","Technology","Computer Manufacturing"
"OMED","OncoMed Pharmaceuticals Inc.","Health Care","Major Pharmaceuticals"
"OMER","Omeros Corporation","Health Care","Major Pharmaceuticals"
"ONNN","ON Semiconductor Corporation","Technology","Semiconductors"
"ONTX","Onconova Therapeutics Inc.","Health Care","Major Pharmaceuticals"
"ONVI","Onvia Inc.","Miscellaneous","Business Services"
"OPB","Opus Bank","Others","Others"
"OPHT","Ophthotech Corporation","Health Care","Major Pharmaceuticals"
"OPLK","Oplink Communications Inc.","Public Utilities","Telecommunications Equipment"
"OPTT","Ocean Power Technologies Inc.","Public Utilities","Electric Utilities: Central"
"ORBC","ORBCOMM Inc.","Consumer Services","Telecommunications Equipment"
"OREX","Orexigen Therapeutics Inc.","Health Care","Major Pharmaceuticals"
"ORLY","O&#39;Reilly Automotive Inc.","Consumer Services","Other Specialty Stores"
"ORPN","Bio Blast Pharma Ltd.","Health Care","Major Pharmaceuticals"
"OSIR","Osiris Therapeutics Inc.","Health Care","Biotechnology: Biological Products (No Diagnostic Substances)"
"OSIS","OSI Systems Inc.","Technology","Semiconductors"
"OSN","Ossen Innovation Co. Ltd.","Basic Industries","Steel/Iron Ore"
"OSTK","Overstock.com Inc.","Consumer Services","Catalog/Specialty Distribution"
"OTEX","Open Text Corporation","Technology","EDP Services"
"OTIC","Otonomy Inc.","Others","Others"
"OVRL","Overland Storage Inc.","Technology","Electronic Components"
"OVTI","OmniVision Technologies Inc.","Technology","Semiconductors"
"OXBR","Oxbridge Re Holdings Limited","Finance","Property-Casualty Insurers"
"OXBRW","Oxbridge Re Holdings Limited","Finance","Property-Casualty Insurers"
"OXFD","Oxford Immunotec Global PLC","Health Care","Biotechnology: In Vitro & In Vivo Diagnostic Substances"
"OXLC","Oxford Lane Capital Corp.","Others","Others"
"OZRK","Bank of the Ozarks","Finance","Major Banks"
"PACB","Pacific Biosciences of California Inc.","Capital Goods","Biotechnology: Laboratory Analytical Instruments"
"PAHC","Phibro Animal Health Corporation","Consumer Non-Durables","Packaged Foods"
"PANL","Pangaea Logistics Solutions Ltd.","Others","Others"
"PARN","Parnell Pharmaceuticals Holdings Ltd","Others","Others"
"PAYX","Paychex Inc.","Consumer Services","Diversified Commercial Services"
"PBIB","Porter Bancorp Inc.","Finance","Major Banks"
"PBPB","Potbelly Corporation","Consumer Services","Restaurants"
"PBSK","Poage Bankshares Inc.","Finance","Savings Institutions"
"PCCC","PC Connection Inc.","Consumer Services","Catalog/Specialty Distribution"
"PCLN","The Priceline Group Inc. ","Miscellaneous","Business Services"
"PCRX","Pacira Pharmaceuticals Inc.","Health Care","Major Pharmaceuticals"
"PCTI","PC-Tel Inc.","Technology","Radio And Television Broadcasting And Communications Equipment"
"PCTY","Paylocity Holding Corporation","Technology","Computer Software: Prepackaged Software"
"PCYC","Pharmacyclics Inc.","Health Care","Major Pharmaceuticals"
"PDCO","Patterson Companies Inc.","Health Care","Medical Specialities"
"PDFS","PDF Solutions Inc.","Technology","EDP Services"
"PDII","PDI Inc.","Miscellaneous","Business Services"
"PDLI","PDL BioPharma Inc.","Health Care","Biotechnology: Biological Products (No Diagnostic Substances)"
"PEGA","Pegasystems Inc.","Technology","EDP Services"
"PEGI","Pattern Energy Group Inc.","Others","Others"
"PENN","Penn National Gaming Inc.","Consumer Services","Hotels/Resorts"
"PEOP","Peoples Federal Bancshares Inc.","Finance","Banks"
"PERY","Perry Ellis International Inc.","Consumer Non-Durables","Apparel"
"PETM","PetSmart Inc","Consumer Services","Other Specialty Stores"
"PETX","Aratana Therapeutics Inc.","Health Care","Major Pharmaceuticals"
"PFBI","Premier Financial Bancorp Inc.","Finance","Major Banks"
"PFLT","PennantPark Floating Rate Capital Ltd.","Others","Others"
"PFMT","Performant Financial Corporation","Consumer Services","Other Consumer Services"
"PFPT","Proofpoint Inc.","Technology","EDP Services"
"PFSW","PFSweb Inc.","Miscellaneous","Business Services"
"PGNX","Progenics Pharmaceuticals Inc.","Health Care","Major Pharmaceuticals"
"PGTI","PGT Inc.","Capital Goods","Building Products"
"PIH","1347 Property Insurance Holdings Inc.","Finance","Property-Casualty Insurers"
"PINC","Premier Inc.","Consumer Services","Other Consumer Services"
"PLAB","Photronics Inc.","Technology","Semiconductors"
"PLCE","Children&#39;s Place Inc. (The)","Consumer Services","Clothing/Shoe/Accessory Stores"
"PLCM","Polycom Inc.","Public Utilities","Telecommunications Equipment"
"PLNR","Planar Systems Inc.","Capital Goods","Industrial Machinery/Components"
"PLUG","Plug Power Inc.","Energy","Industrial Machinery/Components"
"PLUS","ePlus inc.","Technology","Retail: Computer Software & Peripheral Equipment"
"PMBC","Pacific Mercantile Bancorp","Finance","Major Banks"
"PNNT","PennantPark Investment Corporation","Others","Others"
"PODD","Insulet Corporation","Health Care","Medical/Dental Instruments"
"POOL","Pool Corporation","Consumer Durables","Industrial Specialties"
"POWI","Power Integrations Inc.","Technology","Semiconductors"
"POZN","Pozen Inc.","Health Care","Major Pharmaceuticals"
"PRAA","Portfolio Recovery Associates Inc.","Finance","Finance: Consumer Services"
"PRCP","Perceptron Inc.","Capital Goods","Electronic Components"
"PRFT","Perficient Inc.","Technology","EDP Services"
"PRGN","Paragon Shipping Inc.","Transportation","Marine Transportation"
"PRGS","Progress Software Corporation","Technology","Computer Software: Prepackaged Software"
"PRGX","PRGX Global Inc.","Consumer Services","Diversified Commercial Services"
"PRKR","ParkerVision Inc.","Technology","Radio And Television Broadcasting And Communications Equipment"
"PRLS","Peerless Systems Corporation","Technology","Computer Software: Prepackaged Software"
"PRMW","Primo Water Corporation","Consumer Non-Durables","Food Distributors"
"PRQR","ProQR Therapeutics N.V.","Others","Others"
"PRSC","The Providence Service Corporation","Health Care","Medical/Nursing Services"
"PRSS","CafePress Inc.","Consumer Services","Other Specialty Stores"
"PRTS","U.S. Auto Parts Network Inc.","Consumer Services","Other Specialty Stores"
"PRXL","PAREXEL International Corporation","Health Care","Biotechnology: Commercial Physical & Biological Resarch"
"PSEC","Prospect Capital Corporation","Others","Others"
"PSEM","Pericom Semiconductor Corporation","Technology","Semiconductors"
"PSMI","Peregrine Semiconductor Corp.","Technology","Semiconductors"
"PSTB","Park Sterling Corporation","Finance","Major Banks"
"PSUN","Pacific Sunwear of California Inc.","Consumer Services","Clothing/Shoe/Accessory Stores"
"PTCT","PTC Therapeutics Inc.","Health Care","Major Pharmaceuticals"
"PTEN","Patterson-UTI Energy Inc.","Energy","Oil & Gas Production"
"PTIE","Pain Therapeutics","Health Care","Major Pharmaceuticals"
"PTLA","Portola Pharmaceuticals Inc.","Health Care","Major Pharmaceuticals"
"PTRY","The Pantry Inc.","Consumer Durables","Automotive Aftermarket"
"PTSI","P.A.M. Transportation Services Inc.","Transportation","Trucking Freight/Courier Services"
"PVTB","PrivateBancorp Inc.","Finance","Major Banks"
"PWRD","Perfect World Co. Ltd.","Miscellaneous","Business Services"
"PXLW","Pixelworks Inc.","Technology","Semiconductors"
"PZZA","Papa John&#39;S International Inc.","Consumer Services","Restaurants"
"QBAK","Qualstar Corporation","Technology","Electronic Components"
"QCCO","QC Holdings Inc.","Finance","Investment Bankers/Brokers/Service"
"QCOM","QUALCOMM Incorporated","Technology","Radio And Television Broadcasting And Communications Equipment"
"QIWI","QIWI plc","Miscellaneous","Business Services"
"QLIK","Qlik Technologies Inc.","Technology","Computer Software: Prepackaged Software"
"QLTY","Quality Distribution Inc.","Transportation","Trucking Freight/Courier Services"
"QLYS","Qualys Inc.","Technology","Computer Software: Prepackaged Software"
"QNST","QuinStreet Inc.","Miscellaneous","Business Services"
"QQQX","NASDAQ Premium Income and Growth Fund Inc.","Others","Others"
"QSII","Quality Systems Inc.","Technology","EDP Services"
"QTNT","Quotient Limited","Health Care","Biotechnology: In Vitro & In Vivo Diagnostic Substances"
"QTNTW","Quotient Limited","Health Care","Biotechnology: In Vitro & In Vivo Diagnostic Substances"
"QUIK","QuickLogic Corporation","Technology","Semiconductors"
"QUNR","Qunar Cayman Islands Limited","Miscellaneous","Business Services"
"QURE","uniQure N.V.","Health Care","Major Pharmaceuticals"
"RAIL","Freightcar America Inc.","Capital Goods","Railroads"
"RARE","Ultragenyx Pharmaceutical Inc.","Health Care","Major Pharmaceuticals"
"RBCAA","Republic Bancorp Inc.","Finance","Major Banks"
"RBCN","Rubicon Technology Inc.","Technology","Semiconductors"
"RCII","Rent-A-Center Inc.","Technology","Diversified Commercial Services"
"RCKY","Rocky Brands Inc.","Consumer Non-Durables","Shoe Manufacturing"
"RCON","Recon Technology Ltd.","Energy","Oilfield Services/Equipment"
"RCPT","Receptos Inc.","Health Care","Major Pharmaceuticals"
"RDCM","Radcom Ltd.","Technology","Computer peripheral equipment"
"RDUS","Radius Health Inc.","Others","Others"
"RDWR","Radware Ltd.","Miscellaneous","Business Services"
"RECN","Resources Connection Inc.","Miscellaneous","Business Services"
"REGI","Renewable Energy Group Inc.","Basic Industries","Major Chemicals"
"REGN","Regeneron Pharmaceuticals Inc.","Health Care","Major Pharmaceuticals"
"RELL","Richardson Electronics Ltd.","Consumer Non-Durables","Electronic Components"
"REPH","Recro Pharma Inc.","Health Care","Major Pharmaceuticals"
"RESN","Resonant Inc.","Technology","Semiconductors"
"REXX","Rex Energy Corporation","Energy","Oil & Gas Production"
"RFMD","RF Micro Devices Inc.","Technology","Semiconductors"
"RGDO","Regado BioSciences Inc.","Health Care","Major Pharmaceuticals"
"RGDX","Response Genetics Inc.","Health Care","Biotechnology: In Vitro & In Vivo Diagnostic Substances"
"RGEN","Repligen Corporation","Health Care","Biotechnology: Biological Products (No Diagnostic Substances)"
"RGLS","Regulus Therapeutics Inc.","Health Care","Major Pharmaceuticals"
"RICK","RCI Hospitality Holdings Inc.","Consumer Services","Restaurants"
"RIGL","Rigel Pharmaceuticals Inc.","Health Care","Major Pharmaceuticals"
"RITT","RIT Technologies Ltd.","Consumer Durables","Telecommunications Equipment"
"RJET","Republic Airways Holdings Inc.","Transportation","Air Freight/Delivery Services"
"RLOC","ReachLocal Inc.","Technology","Advertising"
"RLYP","Relypsa Inc.","Health Care","Major Pharmaceuticals"
"RMBS","Rambus Inc.","Technology","Semiconductors"
"RMTI","Rockwell Medical Inc.","Health Care","Biotechnology: Electromedical & Electrotherapeutic Apparatus"
"RNA","Prosensa Holding N.V.","Health Care","Major Pharmaceuticals"
"RNET","RigNet Inc.","Consumer Services","Telecommunications Equipment"
"RNWK","RealNetworks Inc.","Technology","EDP Services"
"ROCK","Gibraltar Industries Inc.","Capital Goods","Steel/Iron Ore"
"ROIA","Radio One Inc.","Consumer Services","Broadcasting"
"ROIQ","ROI Acquisition Corp. II","Finance","Business Services"
"ROIQU","ROI Acquisition Corp. II","Others","Others"
"ROIQW","ROI Acquisition Corp. II","Finance","Business Services"
"ROKA","Roka Bioscience Inc.","Capital Goods","Biotechnology: Laboratory Analytical Instruments"
"ROLL","RBC Bearings Incorporated","Capital Goods","Metal Fabrications"
"ROSG","Rosetta Genomics Ltd.","Health Care","Major Pharmaceuticals"
"ROST","Ross Stores Inc.","Consumer Services","Clothing/Shoe/Accessory Stores"
"RP","RealPage Inc.","Technology","Computer Software: Prepackaged Software"
"RPXC","RPX Corporation","Miscellaneous","Multi-Sector Companies"
"RRGB","Red Robin Gourmet Burgers Inc.","Consumer Services","Restaurants"
"RRST","RRSat Global Communications Network Ltd.","Consumer Services","Telecommunications Equipment"
"RSTI","Rofin-Sinar Technologies Inc.","Miscellaneous","Industrial Machinery/Components"
"RSYS","RadiSys Corporation","Technology","Computer peripheral equipment"
"RTGN","Ruthigen Inc.","Health Care","Major Pharmaceuticals"
"RTIX","RTI Surgical Inc.","Health Care","Industrial Specialties"
"RTK","Rentech Inc.","Basic Industries","Agricultural Chemicals"
"RUTH","Ruth&#39;s Hospitality Group Inc.","Consumer Services","Restaurants"
"RVBD","Riverbed Technology Inc.","Technology","Computer Communications Equipment"
"RVNC","Revance Therapeutics Inc.","Health Care","Major Pharmaceuticals"
"RWLK","ReWalk Robotics Ltd","Others","Others"
"RYAAY","Ryanair Holdings plc","Transportation","Air Freight/Delivery Services"
"SABR","Sabre Corporation","Technology","Computer Software: Programming/ Data Processing"
"SAFM","Sanderson Farms Inc.","Consumer Non-Durables","Meat/Poultry/Fish"
"SAFT","Safety Insurance Group Inc.","Finance","Property-Casualty Insurers"
"SAGE","Sage Therapeutics Inc.","Health Care","Major Pharmaceuticals"
"SALE","RetailMeNot Inc.","Consumer Services","Advertising"
"SALM","Salem Communications Corporation","Consumer Services","Broadcasting"
"SAMG","Silvercrest Asset Management Group Inc.","Finance","Investment Managers"
"SANM","Sanmina Corporation","Technology","Electrical Products"
"SAPE","Sapient Corporation","Technology","EDP Services"
"SAVE","Spirit Airlines Inc.","Transportation","Air Freight/Delivery Services"
"SBAC","SBA Communications Corporation","Consumer Services","Telecommunications Equipment"
"SBCP","Sunshine Bancorp Inc.","Finance","Savings Institutions"
"SBGI","Sinclair Broadcast Group Inc.","Consumer Services","Broadcasting"
"SBNY","Signature Bank","Finance","Major Banks"
"SBSA","Spanish Broadcasting System Inc.","Consumer Services","Broadcasting"
"SBUX","Starbucks Corporation","Consumer Services","Restaurants"
"SCAI","Surgical Care Affiliates Inc.","Health Care","Medical Specialities"
"SCHL","Scholastic Corporation","Consumer Services","Books"
"SCHN","Schnitzer Steel Industries Inc.","Consumer Durables","Industrial Specialties"
"SCLN","SciClone Pharmaceuticals Inc.","Health Care","Major Pharmaceuticals"
"SCMP","Sucampo Pharmaceuticals Inc.","Health Care","Major Pharmaceuticals"
"SCON","Superconductor Technologies Inc.","Technology","Radio And Television Broadcasting And Communications Equipment"
"SCOR","comScore Inc.","Miscellaneous","Business Services"
"SCSS","Select Comfort Corporation","Consumer Durables","Home Furnishings"
"SCTY","SolarCity Corporation","Basic Industries","Engineering & Construction"
"SCVL","Shoe Carnival Inc.","Consumer Services","Clothing/Shoe/Accessory Stores"
"SCYX","SCYNEXIS Inc.","Health Care","Major Pharmaceuticals"
"SEAC","SeaChange International Inc.","Technology","Radio And Television Broadcasting And Communications Equipment"
"SEIC","SEI Investments Company","Finance","Investment Bankers/Brokers/Service"
"SEMI","SunEdison Semiconductor Limited","Technology","Semiconductors"
"SFBS","ServisFirst Bancshares Inc.","Finance","Major Banks"
"SFLY","Shutterfly Inc.","Miscellaneous","Other Consumer Services"
"SFM","Sprouts Farmers Market Inc.","Consumer Services","Food Chains"
"SFXE","SFX Entertainment Inc.","Consumer Services","Services-Misc. Amusement & Recreation"
"SGEN","Seattle Genetics Inc.","Health Care","Biotechnology: Biological Products (No Diagnostic Substances)"
"SGMA","SigmaTron International Inc.","Technology","Electrical Products"
"SGMO","Sangamo BioSciences Inc.","Health Care","Biotechnology: Biological Products (No Diagnostic Substances)"
"SGNL","Signal Genetics Inc.","Health Care","Medical Specialities"
"SGNT","Sagent Pharmaceuticals Inc.","Health Care","Major Pharmaceuticals"
"SGOC","SGOCO Group Ltd","Technology","Radio And Television Broadcasting And Communications Equipment"
"SHLM","A. Schulman Inc.","Basic Industries","Major Chemicals"
"SHLO","Shiloh Industries Inc.","Capital Goods","Industrial Specialties"
"SHOO","Steven Madden Ltd.","Consumer Non-Durables","Shoe Manufacturing"
"SHOR","ShoreTel Inc.","Public Utilities","Telecommunications Equipment"
"SIBC","State Investors Bancorp Inc.","Finance","Savings Institutions"
"SIGM","Sigma Designs Inc.","Technology","Semiconductors"
"SIMG","Silicon Image Inc.","Capital Goods","Electrical Products"
"SIMO","Silicon Motion Technology Corporation","Technology","Semiconductors"
"SKUL","Skullcandy Inc.","Consumer Non-Durables","Consumer Electronics/Appliances"
"SKYW","SkyWest Inc.","Transportation","Air Freight/Delivery Services"
"SLAB","Silicon Laboratories Inc.","Technology","Semiconductors"
"SLGN","Silgan Holdings Inc.","Consumer Durables","Containers/Packaging"
"SLRC","Solar Capital Ltd.","Others","Others"
"SLTC","Selectica Inc.","Technology","Computer Software: Prepackaged Software"
"SMACU","Sino Mercury Acquisition Corp.","Others","Others"
"SMCI","Super Micro Computer Inc.","Technology","Computer Manufacturing"
"SMLR","Semler Scientific Inc.","Health Care","Biotechnology: Electromedical & Electrotherapeutic Apparatus"
"SMRT","Stein Mart Inc.","Consumer Services","Clothing/Shoe/Accessory Stores"
"SMSI","Smith Micro Software Inc.","Technology","Computer Software: Prepackaged Software"
"SMTX","SMTC Corporation","Technology","Electrical Products"
"SNAK","Inventure Foods Inc.","Consumer Non-Durables","Packaged Foods"
"SNCR","Synchronoss Technologies Inc.","Technology","EDP Services"
"SNDK","SanDisk Corporation","Technology","Electronic Components"
"SNHY","Sun Hydraulics Corporation","Capital Goods","Metal Fabrications"
"SNMX","Senomyx Inc.","Health Care","Biotechnology: Commercial Physical & Biological Resarch"
"SNPS","Synopsys Inc.","Technology","Computer Software: Prepackaged Software"
"SNSS","Sunesis Pharmaceuticals Inc.","Health Care","Major Pharmaceuticals"
"SNTA","Synta Pharmaceuticals Corp.","Health Care","Major Pharmaceuticals"
"SODA","SodaStream International Ltd.","Consumer Durables","Consumer Electronics/Appliances"
"SONC","Sonic Corp.","Consumer Services","Restaurants"
"SPAN","Span-America Medical Systems Inc.","Health Care","Industrial Specialties"
"SPBC","SP Bancorp Inc.","Finance","Savings Institutions"
"SPHS","Sophiris Bio Inc.","Others","Others"
"SPKE","Spark Energy Inc.","Public Utilities","Power Generation"
"SPLK","Splunk Inc.","Technology","Computer Software: Prepackaged Software"
"SPLS","Staples Inc.","Consumer Services","Other Specialty Stores"
"SPNC","The Spectranetics Corporation","Health Care","Biotechnology: Electromedical & Electrotherapeutic Apparatus"
"SPNS","Sapiens International Corporation N.V.","Technology","Computer Software: Prepackaged Software"
"SPRT","support.com Inc.","Technology","EDP Services"
"SPSC","SPS Commerce Inc.","Technology","Computer Software: Prepackaged Software"
"SPWH","Sportsman&#39;s Warehouse Holdings Inc.","Consumer Services","Other Specialty Stores"
"SPWR","SunPower Corporation","Technology","Semiconductors"
"SQBK","Square 1 Financial Inc.","Finance","Major Banks"
"SQI","SciQuest Inc.","Technology","Computer Software: Prepackaged Software"
"SQNM","Sequenom Inc.","Capital Goods","Industrial Machinery/Components"
"SRCL","Stericycle Inc.","Basic Industries","Environmental Services"
"SRDX","SurModics Inc.","Health Care","Medical/Dental Instruments"
"SREV","ServiceSource International Inc.","Miscellaneous","Business Services"
"SSBI","Summit State Bank","Others","Others"
"SSNC","SS&C Technologies Holdings Inc.","Technology","Computer Software: Prepackaged Software"
"SSYS","Stratasys Ltd.","Technology","Computer peripheral equipment"
"STCK","Stock Building Supply Holdings Inc.","Consumer Services","RETAIL: Building Materials"
"STEM","StemCells Inc.","Health Care","Biotechnology: Biological Products (No Diagnostic Substances)"
"STFC","State Auto Financial Corporation","Finance","Property-Casualty Insurers"
"STLD","Steel Dynamics Inc.","Basic Industries","Steel/Iron Ore"
"STML","Stemline Therapeutics Inc.","Health Care","Major Pharmaceuticals"
"STMP","Stamps.com Inc.","Miscellaneous","Business Services"
"STNR","Steiner Leisure Limited","Consumer Services","Other Consumer Services"
"STRA","Strayer Education Inc.","Consumer Services","Other Consumer Services"
"STX","Seagate Technology.","Technology","Electronic Components"
"STXS","Stereotaxis Inc.","Health Care","Biotechnology: Electromedical & Electrotherapeutic Apparatus"
"SUNS","Solar Senior Capital Ltd.","Others","Others"
"SUPN","Supernus Pharmaceuticals Inc.","Health Care","Major Pharmaceuticals"
"SYKE","Sykes Enterprises Incorporated","Technology","EDP Services"
"SYMC","Symantec Corporation","Technology","Computer Software: Prepackaged Software"
"SYNA","Synaptics Incorporated","Technology","EDP Services"
"SYNC","Synacor Inc.","Technology","Computer Software: Programming/ Data Processing"
"SYNT","Syntel Inc.","Technology","EDP Services"
"SYRX","Sysorex Global Holding Corp.","Technology","EDP Services"
"SZYM","Solazyme Inc.","Basic Industries","Major Chemicals"
"TACT","TransAct Technologies Incorporated","Technology","Computer peripheral equipment"
"TAIT","Taitron Components Incorporated","Consumer Non-Durables","Electronic Components"
"TAST","Carrols Restaurant Group Inc.","Consumer Services","Restaurants"
"TAXI","Medallion Financial Corp.","Finance","Finance: Consumer Services"
"TBIO","Transgenomic Inc.","Capital Goods","Biotechnology: Laboratory Analytical Instruments"
"TBNK","Territorial Bancorp Inc.","Finance","Savings Institutions"
"TCBI","Texas Capital Bancshares Inc.","Finance","Major Banks"
"TCPC","TCP Capital Corp.","Others","Others"
"TCRD","THL Credit Inc.","Others","Others"
"TECD","Tech Data Corporation","Technology","Retail: Computer Software & Peripheral Equipment"
"TEDU","Tarena International Inc.","Consumer Services","Other Consumer Services"
"TERP","TerraForm Power Inc.","Public Utilities","Electric Utilities: Central"
"TESS","TESSCO Technologies Incorporated","Consumer Non-Durables","Electronic Components"
"TFM","The Fresh Market Inc.","Consumer Services","Food Chains"
"TFSC","1347 Capital Corp.","Finance","Business Services"
"TFSCR","1347 Capital Corp.","Finance","Business Services"
"TFSCU","1347 Capital Corp.","Others","Others"
"TFSCW","1347 Capital Corp.","Finance","Business Services"
"TGEN","Tecogen Inc.","Capital Goods","Industrial Machinery/Components"
"TGLS","Tecnoglass Inc.","Consumer Durables","Electronic Components"
"THLD","Threshold Pharmaceuticals Inc.","Health Care","Major Pharmaceuticals"
"THRX","Theravance Inc.","Health Care","Major Pharmaceuticals"
"THST","Truett-Hurst Inc.","Consumer Non-Durables","Beverages (Production/Distribution)"
"TIBX","TIBCO Software Inc.","Technology","Computer Software: Prepackaged Software"
"TICC","TICC Capital Corp.","Others","Others"
"TISA","Top Image Systems Ltd.","Technology","Computer peripheral equipment"
"TITN","Titan Machinery Inc.","Consumer Services","Other Specialty Stores"
"TIVO","TiVo Inc.","Consumer Services","Television Services"
"TKAI","Tokai Pharmaceuticals Inc.","Others","Others"
"TLMR","Talmer Bancorp Inc.","Finance","Major Banks"
"TLOG","TetraLogic Pharmaceuticals Corporation","Health Care","Major Pharmaceuticals"
"TNAV","TeleNav Inc.","Capital Goods","Industrial Machinery/Components"
"TNDM","Tandem Diabetes Care Inc.","Health Care","Medical/Dental Instruments"
"TNGO","Tangoe Inc.","Technology","Computer Software: Prepackaged Software"
"TORM          ","TOR Minerals International Inc","Basic Industries","Major Chemicals"
"TOUR","Tuniu Corporation","Consumer Services","Transportation Services"
"TQNT","TriQuint Semiconductor Inc.","Technology","Semiconductors"
"TRAK","Dealertrack Technologies Inc.","Technology","EDP Services"
"TRGT","Targacept Inc.","Health Care","Major Pharmaceuticals"
"TRIB","Trinity Biotech plc","Health Care","Biotechnology: In Vitro & In Vivo Diagnostic Substances"
"TRIV","TriVascular Technologies Inc.","Health Care","Medical/Dental Instruments"
"TRMB","Trimble Navigation Limited","Capital Goods","Industrial Machinery/Components"
"TRNX","Tornier N.V.","Health Care","Industrial Specialties"
"TROW","T. Rowe Price Group Inc.","Finance","Investment Bankers/Brokers/Service"
"TRS","TriMas Corporation","Capital Goods","Industrial Specialties"
"TRTL","Terrapin 3 Acquisition Corporation","Others","Others"
"TRTLU","Terrapin 3 Acquisition Corporation","Finance","Business Services"
"TRTLW","Terrapin 3 Acquisition Corporation","Others","Others"
"TRUE","TrueCar Inc.","Technology","Computer Software: Programming/ Data Processing"
"TRVN","Trevena Inc.","Health Care","Major Pharmaceuticals"
"TSC","TriState Capital Holdings Inc.","Finance","Major Banks"
"TSCO","Tractor Supply Company","Consumer Services","RETAIL: Building Materials"
"TSEM","Tower Semiconductor Ltd.","Technology","Semiconductors"
"TSLA","Tesla Motors Inc.","Capital Goods","Auto Manufacturing"
"TSRA","Tessera Technologies Inc.","Technology","Semiconductors"
"TSRE","Trade Street Residential Inc.","Consumer Services","Real Estate Investment Trusts"
"TSRO","TESARO Inc.","Health Care","Major Pharmaceuticals"
"TSYS","TeleCommunication Systems Inc.","Technology","Computer Software: Prepackaged Software"
"TTEC","TeleTech Holdings Inc.","Technology","Professional Services"
"TTEK","Tetra Tech Inc.","Consumer Services","Military/Government/Technical"
"TTGT","TechTarget Inc.","Miscellaneous","Business Services"
"TTMI","TTM Technologies Inc.","Technology","Electrical Products"
"TTOO","T2 Biosystems Inc.","Health Care","Medical/Dental Instruments"
"TTPH","Tetraphase Pharmaceuticals Inc.","Health Care","Major Pharmaceuticals"
"TTWO","Take-Two Interactive Software Inc.","Technology","Computer Software: Prepackaged Software"
"TUBE","TubeMogul Inc.","Technology","Computer Software: Prepackaged Software"
"TUES","Tuesday Morning Corp.","Consumer Services","Department/Specialty Retail Stores"
"TWOU","2U Inc.","Technology","Computer Software: Prepackaged Software"
"TWTC","tw telecom inc.","Public Utilities","Telecommunications Equipment"
"TXRH","Texas Roadhouse Inc.","Consumer Services","Restaurants"
"TYPE","Monotype Imaging Holdings Inc.","Technology","EDP Services"
"UACL","Universal Truckload Services Inc.","Transportation","Trucking Freight/Courier Services"
"UBIC","UBIC Inc.","Technology","EDP Services"
"UBNT","Ubiquiti Networks Inc.","Technology","Radio And Television Broadcasting And Communications Equipment"
"UCTT","Ultra Clean Holdings Inc.","Technology","Semiconductors"
"UEIC","Universal Electronics Inc.","Consumer Non-Durables","Consumer Electronics/Appliances"
"UEPS","Net 1 UEPS Technologies Inc.","Finance","Investment Bankers/Brokers/Service"
"UFPI","Universal Forest Products Inc.","Basic Industries","Forest Products"
"UFPT","UFP Technologies Inc.","Capital Goods","Containers/Packaging"
"ULBI","Ultralife Corporation","Miscellaneous","Industrial Machinery/Components"
"ULTA","Ulta Salon Cosmetics & Fragrance Inc.","Consumer Services","Other Specialty Stores"
"ULTI","The Ultimate Software Group Inc.","Technology","Computer Software: Prepackaged Software"
"ULTR","Ultrapetrol (Bahamas) Limited","Transportation","Marine Transportation"
"UNFI","United Natural Foods Inc.","Consumer Non-Durables","Food Distributors"
"URBN","Urban Outfitters Inc.","Consumer Services","Clothing/Shoe/Accessory Stores"
"USAK","USA Truck Inc.","Transportation","Trucking Freight/Courier Services"
"USAP","Universal Stainless & Alloy Products Inc.","Basic Industries","Steel/Iron Ore"
"USTR","United Stationers Inc.","Consumer Services","Paper"
"UTEK","Ultratech Inc.","Technology","Industrial Machinery/Components"
"UTHR","United Therapeutics Corporation","Health Care","Major Pharmaceuticals"
"UTIW","UTi Worldwide Inc.","Transportation","Oil Refining/Marketing"
"UTSI","UTStarcom Holdings Corp","Consumer Durables","Telecommunications Equipment"
"VALU","Value Line Inc.","Finance","Investment Managers"
"VASC","Vascular Solutions Inc.","Health Care","Medical/Dental Instruments"
"VBLT","Vascular Biogenics Ltd.","Others","Others"
"VBTX","Veritex Holdings Inc.","Others","Others"
"VCYT","Veracyte Inc.","Health Care","Medical Specialities"
"VECO","Veeco Instruments Inc.","Technology","Industrial Machinery/Components"
"VICL","Vical Incorporated","Health Care","Biotechnology: Biological Products (No Diagnostic Substances)"
"VIDE","Video Display Corporation","Capital Goods","Electrical Products"
"VIMC","Vimicro International Corporation","Technology","Semiconductors"
"VISN","VisionChina Media Inc.","Technology","Advertising"
"VIVO","Meridian Bioscience Inc.","Health Care","Biotechnology: In Vitro & In Vivo Diagnostic Substances"
"VLCCF","Knightsbridge Shipping Limited","Consumer Services","Marine Transportation"
"VNDA","Vanda Pharmaceuticals Inc.","Health Care","Major Pharmaceuticals"
"VNET","21Vianet Group Inc.","Technology","Computer Software: Programming/ Data Processing"
"VNOM","Viper Energy Partners LP","Energy","Oil & Gas Production"
"VOLC","Volcano Corporation","Health Care","Biotechnology: Electromedical & Electrotherapeutic Apparatus"
"VPRT","Vistaprint N.V.","Miscellaneous","Publishing"
"VRA","Vera Bradley Inc.","Consumer Non-Durables","Apparel"
"VRNS","Varonis Systems Inc.","Technology","Computer Software: Prepackaged Software"
"VRNT","Verint Systems Inc.","Technology","EDP Services"
"VRSK","Verisk Analytics Inc.","Technology","EDP Services"
"VRSN","VeriSign Inc.","Technology","EDP Services"
"VRTU","Virtusa Corporation","Technology","EDP Services"
"VRTX","Vertex Pharmaceuticals Incorporated","Health Care","Major Pharmaceuticals"
"VSAR","Versartis Inc.","Health Care","Major Pharmaceuticals"
"VSAT","ViaSat Inc.","Technology","Radio And Television Broadcasting And Communications Equipment"
"VSCI","Vision-Sciences Inc.","Health Care","Biotechnology: Electromedical & Electrotherapeutic Apparatus"
"VSTM","Verastem Inc.","Health Care","Major Pharmaceuticals"
"VTAE","Vitae Pharmaceuticals Inc.","Others","Others"
"VTL","Vital Therapies Inc.","Health Care","Major Pharmaceuticals"
"VTSS","Vitesse Semiconductor Corporation","Technology","Semiconductors"
"VVUS","VIVUS Inc.","Health Care","Major Pharmaceuticals"
"VWR","VWR Corporation","Others","Others"
"WATT","Energous Corporation","Technology","Radio And Television Broadcasting And Communications Equipment"
"WAVX","Wave Systems Corp.","Technology","Computer peripheral equipment"
"WB","Weibo Corporation","Technology","Computer Software: Programming/ Data Processing"
"WBB","Westbury Bancorp Inc.","Finance","Major Banks"
"WBKC","Wolverine Bancorp Inc.","Finance","Banks"
"WBMD","WebMD Health Corp","Miscellaneous","Business Services"
"WDFC","WD-40 Company","Basic Industries","Major Chemicals"
"WEBK","Wellesley Bancorp Inc.","Finance","Banks"
"WERN","Werner Enterprises Inc.","Transportation","Trucking Freight/Courier Services"
"WHF","WhiteHorse Finance Inc.","Others","Others"
"WHLR","Wheeler Real Estate Investment Trust Inc.","Consumer Services","Real Estate Investment Trusts"
"WIFI","Boingo Wireless Inc.","Consumer Services","Telecommunications Equipment"
"WIRE","Encore Wire Corporation","Capital Goods","Metal Fabrications"
"WIX","Wix.com Ltd.","Technology","Computer Software: Programming/ Data Processing"
"WLDN","Willdan Group Inc.","Consumer Services","Military/Government/Technical"
"WLFC","Willis Lease Finance Corporation","Consumer Durables","Industrial Specialties"
"WLRHU","WL Ross Holding Corp.","Finance","Business Services"
"WMAR","West Marine Inc.","Consumer Durables","Automotive Aftermarket"
"WMGI","Wright Medical Group Inc.","Health Care","Industrial Specialties"
"WOOF","VCA Inc. ","Consumer Non-Durables","Farming/Seeds/Milling"
"WRES","Warren Resources Inc.","Energy","Oil & Gas Production"
"WRLD","World Acceptance Corporation","Finance","Finance: Consumer Services"
"WSTC","West Corporation","Miscellaneous","Business Services"
"WSTL","Westell Technologies Inc.","Public Utilities","Telecommunications Equipment"
"WYNN","Wynn Resorts Limited","Consumer Services","Hotels/Resorts"
"XENT","Intersect ENT Inc.","Health Care","Medical/Dental Instruments"
"XGTI","XG Technology Inc","Consumer Durables","Telecommunications Equipment"
"XGTIW","XG Technology Inc","Consumer Durables","Telecommunications Equipment"
"XLNX","Xilinx Inc.","Technology","Semiconductors"
"XLRN","Acceleron Pharma Inc.","Health Care","Biotechnology: Biological Products (No Diagnostic Substances)"
"XNCR","Xencor Inc.","Health Care","Major Pharmaceuticals"
"XNET","Xunlei Limited","Technology","Computer Software: Prepackaged Software"
"XNPT","XenoPort Inc.","Health Care","Major Pharmaceuticals"
"XOMA","XOMA Corporation","Health Care","Major Pharmaceuticals"
"XONE","The ExOne Company","Capital Goods","Industrial Machinery/Components"
"XOOM","Xoom Corporation","Finance","Investment Bankers/Brokers/Service"
"XRAY","DENTSPLY International Inc.","Health Care","Medical/Dental Instruments"
"XXIA","Ixia","Capital Goods","Electrical Products"
"YDLE","Yodlee Inc.","Others","Others"
"YHOO","Yahoo! Inc.","Technology","EDP Services"
"YNDX","Yandex N.V.","Technology","Computer Software: Programming/ Data Processing"
"YY","YY Inc.","Technology","EDP Services"
"Z","Zillow Inc.","Miscellaneous","Business Services"
"ZBRA","Zebra Technologies Corporation","Technology","Industrial Machinery/Components"
"ZEUS","Olympic Steel Inc.","Basic Industries","Metal Fabrications"
"ZFGN","Zafgen Inc.","Health Care","Major Pharmaceuticals"
"ZGNX","Zogenix Inc.","Health Care","Major Pharmaceuticals"
"ZINC","Horsehead Holding Corp.","Capital Goods","Metal Fabrications"
"ZLTQ","ZELTIQ Aesthetics Inc.","Health Care","Biotechnology: Electromedical & Electrotherapeutic Apparatus"
"ZNGA","Zynga Inc.","Technology","EDP Services"
"ZSPH","ZS Pharma Inc.","Health Care","Major Pharmaceuticals"
"ZU","zulily inc.","Consumer Services","Catalog/Specialty Distribution"
"ZUMZ","Zumiez Inc.","Consumer Services","Clothing/Shoe/Accessory Stores"
